Sheet,Action,Details
employees,Manual review required,"employee_id=95 name='A.B. Rathod' designation='Additional Chief Engineer' current_suborg_id=None -- Word lists this exact name+designation at 2 different stations (Gujarat State Load Despatch Centre, Synopsis of Important Telephone Numbers); can't determine which one this row means"
employees,Manual review required,"employee_id=102 name='A.P. Shah' designation='Exe. Engineer (Scheduling)' current_suborg_id=None -- Word shows this role at station 'Gujarat State Load Despatch Centre', which has no exact match in sub_organizations"
employees,Manual review required,"employee_id=197 name='Abhay Gajendra Prasad Sahu' designation='AGM (OS)' current_suborg_id=None -- Word shows this role at station 'NTPC Mumbai Head Quarter (WR-1)', which has no exact match in sub_organizations"
employees,Corrected suborg_id (Word-verified),"employee_id=49 name='Abhijeet Patil' designation='Group Head-(H)' old_suborg_id=23 new_suborg_id=22 station='Mini Hydro' reason='Word directory uniquely and exactly places this person at this station, which differs from the suborg_id previously stored'"
employees,Manual review required,"employee_id=3 name='Aditya Prasad Das' designation='General Manager' current_suborg_id=2 -- Word shows this role at station 'NLDC and RLDCs', which has no exact match in sub_organizations"
employees,Manual review required,"employee_id=679 name='Ajit Barodia' designation='Group Vice President' current_suborg_id=157 -- Word shows this role at station '. Adani Power Limited', which has no exact match in sub_organizations"
employees,Manual review required,"employee_id=680 name='Akkshay Mathhur' designation='Associate Vice President' current_suborg_id=157 -- Word shows this role at station '. Adani Power Limited', which has no exact match in sub_organizations"
employees,Manual review required,"employee_id=286 name='Alapan Bera' designation='Commercial & F&C' current_suborg_id=68 -- Word lists this exact name+designation at 27 different stations (Adani Green Energy Twenty Five A Limited -PSS3, Adani Green Energy Twenty Five B Limited -PSS3, Adani Green Energy Twenty Four A Limited -PSS3, Adani Green Energy Twenty Four Limited – PSS-4, Adani Green Energy Twenty Six A Limited -PSS3, Adani Green Energy Twenty Six B Limited -PSS3, Adani Hazira Port Limited-PSS3, Adani Hybrid Energy Jaisalmer Five Limited -PSS4, Adani Ports and Special Economic Zone Limited -PSS3, Adani Ports and Special Economic Zone Limited -PSS4, Adani Renewable Energy Fifty Five Limited - PSS3, Adani Renewable Energy Fifty Seven Limited PSS-13, Adani Renewable Energy Fifty Six Limited – PSS4, Adani Renewable Energy Fifty Six Limited – PSS9, Adani Renewable Energy Forty Eight Limited-PSS9, Adani Renewable Energy Forty One Limited - PSS3, Adani Renewable Energy Forty One Limited PSS-13, Adani Renewable Energy Forty One Limited – PSS4, Adani Renewable Energy Holding Four Limited-PSS1, Adani Solar Energy Jodhpur Six Private Limited- PSS9, Adani Wind Energy Kutch Five Limited, Adani Wind Energy Kutch Four Limited, Adani Wind Energy Kutch One Limited/ AWEKTL/ AWEKFL, Adani Wind Energy Kutch Three Limited, Adani Wind Energy MP One Private Limited, Ambuja Cements Limited -PSS-4, Ambuja Cements Limited-PSS-3); can't determine which one this row means"
employees,Manual review required,"employee_id=359 name='Alapan Bera' designation='Commercial & F&C' current_suborg_id=84 -- Word lists this exact name+designation at 27 different stations (Adani Green Energy Twenty Five A Limited -PSS3, Adani Green Energy Twenty Five B Limited -PSS3, Adani Green Energy Twenty Four A Limited -PSS3, Adani Green Energy Twenty Four Limited – PSS-4, Adani Green Energy Twenty Six A Limited -PSS3, Adani Green Energy Twenty Six B Limited -PSS3, Adani Hazira Port Limited-PSS3, Adani Hybrid Energy Jaisalmer Five Limited -PSS4, Adani Ports and Special Economic Zone Limited -PSS3, Adani Ports and Special Economic Zone Limited -PSS4, Adani Renewable Energy Fifty Five Limited - PSS3, Adani Renewable Energy Fifty Seven Limited PSS-13, Adani Renewable Energy Fifty Six Limited – PSS4, Adani Renewable Energy Fifty Six Limited – PSS9, Adani Renewable Energy Forty Eight Limited-PSS9, Adani Renewable Energy Forty One Limited - PSS3, Adani Renewable Energy Forty One Limited PSS-13, Adani Renewable Energy Forty One Limited – PSS4, Adani Renewable Energy Holding Four Limited-PSS1, Adani Solar Energy Jodhpur Six Private Limited- PSS9, Adani Wind Energy Kutch Five Limited, Adani Wind Energy Kutch Four Limited, Adani Wind Energy Kutch One Limited/ AWEKTL/ AWEKFL, Adani Wind Energy Kutch Three Limited, Adani Wind Energy MP One Private Limited, Ambuja Cements Limited -PSS-4, Ambuja Cements Limited-PSS-3); can't determine which one this row means"
employees,Manual review required,"employee_id=364 name='Alapan Bera' designation='Commercial & F&C' current_suborg_id=85 -- Word lists this exact name+designation at 27 different stations (Adani Green Energy Twenty Five A Limited -PSS3, Adani Green Energy Twenty Five B Limited -PSS3, Adani Green Energy Twenty Four A Limited -PSS3, Adani Green Energy Twenty Four Limited – PSS-4, Adani Green Energy Twenty Six A Limited -PSS3, Adani Green Energy Twenty Six B Limited -PSS3, Adani Hazira Port Limited-PSS3, Adani Hybrid Energy Jaisalmer Five Limited -PSS4, Adani Ports and Special Economic Zone Limited -PSS3, Adani Ports and Special Economic Zone Limited -PSS4, Adani Renewable Energy Fifty Five Limited - PSS3, Adani Renewable Energy Fifty Seven Limited PSS-13, Adani Renewable Energy Fifty Six Limited – PSS4, Adani Renewable Energy Fifty Six Limited – PSS9, Adani Renewable Energy Forty Eight Limited-PSS9, Adani Renewable Energy Forty One Limited - PSS3, Adani Renewable Energy Forty One Limited PSS-13, Adani Renewable Energy Forty One Limited – PSS4, Adani Renewable Energy Holding Four Limited-PSS1, Adani Solar Energy Jodhpur Six Private Limited- PSS9, Adani Wind Energy Kutch Five Limited, Adani Wind Energy Kutch Four Limited, Adani Wind Energy Kutch One Limited/ AWEKTL/ AWEKFL, Adani Wind Energy Kutch Three Limited, Adani Wind Energy MP One Private Limited, Ambuja Cements Limited -PSS-4, Ambuja Cements Limited-PSS-3); can't determine which one this row means"
employees,Manual review required,"employee_id=393 name='Alapan Bera' designation='Commercial & F&C' current_suborg_id=92 -- Word lists this exact name+designation at 27 different stations (Adani Green Energy Twenty Five A Limited -PSS3, Adani Green Energy Twenty Five B Limited -PSS3, Adani Green Energy Twenty Four A Limited -PSS3, Adani Green Energy Twenty Four Limited – PSS-4, Adani Green Energy Twenty Six A Limited -PSS3, Adani Green Energy Twenty Six B Limited -PSS3, Adani Hazira Port Limited-PSS3, Adani Hybrid Energy Jaisalmer Five Limited -PSS4, Adani Ports and Special Economic Zone Limited -PSS3, Adani Ports and Special Economic Zone Limited -PSS4, Adani Renewable Energy Fifty Five Limited - PSS3, Adani Renewable Energy Fifty Seven Limited PSS-13, Adani Renewable Energy Fifty Six Limited – PSS4, Adani Renewable Energy Fifty Six Limited – PSS9, Adani Renewable Energy Forty Eight Limited-PSS9, Adani Renewable Energy Forty One Limited - PSS3, Adani Renewable Energy Forty One Limited PSS-13, Adani Renewable Energy Forty One Limited – PSS4, Adani Renewable Energy Holding Four Limited-PSS1, Adani Solar Energy Jodhpur Six Private Limited- PSS9, Adani Wind Energy Kutch Five Limited, Adani Wind Energy Kutch Four Limited, Adani Wind Energy Kutch One Limited/ AWEKTL/ AWEKFL, Adani Wind Energy Kutch Three Limited, Adani Wind Energy MP One Private Limited, Ambuja Cements Limited -PSS-4, Ambuja Cements Limited-PSS-3); can't determine which one this row means"
employees,Manual review required,"employee_id=398 name='Alapan Bera' designation='Commercial & F&C' current_suborg_id=None -- Word lists this exact name+designation at 27 different stations (Adani Green Energy Twenty Five A Limited -PSS3, Adani Green Energy Twenty Five B Limited -PSS3, Adani Green Energy Twenty Four A Limited -PSS3, Adani Green Energy Twenty Four Limited – PSS-4, Adani Green Energy Twenty Six A Limited -PSS3, Adani Green Energy Twenty Six B Limited -PSS3, Adani Hazira Port Limited-PSS3, Adani Hybrid Energy Jaisalmer Five Limited -PSS4, Adani Ports and Special Economic Zone Limited -PSS3, Adani Ports and Special Economic Zone Limited -PSS4, Adani Renewable Energy Fifty Five Limited - PSS3, Adani Renewable Energy Fifty Seven Limited PSS-13, Adani Renewable Energy Fifty Six Limited – PSS4, Adani Renewable Energy Fifty Six Limited – PSS9, Adani Renewable Energy Forty Eight Limited-PSS9, Adani Renewable Energy Forty One Limited - PSS3, Adani Renewable Energy Forty One Limited PSS-13, Adani Renewable Energy Forty One Limited – PSS4, Adani Renewable Energy Holding Four Limited-PSS1, Adani Solar Energy Jodhpur Six Private Limited- PSS9, Adani Wind Energy Kutch Five Limited, Adani Wind Energy Kutch Four Limited, Adani Wind Energy Kutch One Limited/ AWEKTL/ AWEKFL, Adani Wind Energy Kutch Three Limited, Adani Wind Energy MP One Private Limited, Ambuja Cements Limited -PSS-4, Ambuja Cements Limited-PSS-3); can't determine which one this row means"
employees,Manual review required,"employee_id=445 name='Alapan Bera' designation='Commercial & F&C' current_suborg_id=116 -- Word lists this exact name+designation at 27 different stations (Adani Green Energy Twenty Five A Limited -PSS3, Adani Green Energy Twenty Five B Limited -PSS3, Adani Green Energy Twenty Four A Limited -PSS3, Adani Green Energy Twenty Four Limited – PSS-4, Adani Green Energy Twenty Six A Limited -PSS3, Adani Green Energy Twenty Six B Limited -PSS3, Adani Hazira Port Limited-PSS3, Adani Hybrid Energy Jaisalmer Five Limited -PSS4, Adani Ports and Special Economic Zone Limited -PSS3, Adani Ports and Special Economic Zone Limited -PSS4, Adani Renewable Energy Fifty Five Limited - PSS3, Adani Renewable Energy Fifty Seven Limited PSS-13, Adani Renewable Energy Fifty Six Limited – PSS4, Adani Renewable Energy Fifty Six Limited – PSS9, Adani Renewable Energy Forty Eight Limited-PSS9, Adani Renewable Energy Forty One Limited - PSS3, Adani Renewable Energy Forty One Limited PSS-13, Adani Renewable Energy Forty One Limited – PSS4, Adani Renewable Energy Holding Four Limited-PSS1, Adani Solar Energy Jodhpur Six Private Limited- PSS9, Adani Wind Energy Kutch Five Limited, Adani Wind Energy Kutch Four Limited, Adani Wind Energy Kutch One Limited/ AWEKTL/ AWEKFL, Adani Wind Energy Kutch Three Limited, Adani Wind Energy MP One Private Limited, Ambuja Cements Limited -PSS-4, Ambuja Cements Limited-PSS-3); can't determine which one this row means"
employees,Manual review required,"employee_id=448 name='Alapan Bera' designation='Commercial & F&C' current_suborg_id=117 -- Word lists this exact name+designation at 27 different stations (Adani Green Energy Twenty Five A Limited -PSS3, Adani Green Energy Twenty Five B Limited -PSS3, Adani Green Energy Twenty Four A Limited -PSS3, Adani Green Energy Twenty Four Limited – PSS-4, Adani Green Energy Twenty Six A Limited -PSS3, Adani Green Energy Twenty Six B Limited -PSS3, Adani Hazira Port Limited-PSS3, Adani Hybrid Energy Jaisalmer Five Limited -PSS4, Adani Ports and Special Economic Zone Limited -PSS3, Adani Ports and Special Economic Zone Limited -PSS4, Adani Renewable Energy Fifty Five Limited - PSS3, Adani Renewable Energy Fifty Seven Limited PSS-13, Adani Renewable Energy Fifty Six Limited – PSS4, Adani Renewable Energy Fifty Six Limited – PSS9, Adani Renewable Energy Forty Eight Limited-PSS9, Adani Renewable Energy Forty One Limited - PSS3, Adani Renewable Energy Forty One Limited PSS-13, Adani Renewable Energy Forty One Limited – PSS4, Adani Renewable Energy Holding Four Limited-PSS1, Adani Solar Energy Jodhpur Six Private Limited- PSS9, Adani Wind Energy Kutch Five Limited, Adani Wind Energy Kutch Four Limited, Adani Wind Energy Kutch One Limited/ AWEKTL/ AWEKFL, Adani Wind Energy Kutch Three Limited, Adani Wind Energy MP One Private Limited, Ambuja Cements Limited -PSS-4, Ambuja Cements Limited-PSS-3); can't determine which one this row means"
employees,Manual review required,"employee_id=451 name='Alapan Bera' designation='Commercial & F&C' current_suborg_id=118 -- Word lists this exact name+designation at 27 different stations (Adani Green Energy Twenty Five A Limited -PSS3, Adani Green Energy Twenty Five B Limited -PSS3, Adani Green Energy Twenty Four A Limited -PSS3, Adani Green Energy Twenty Four Limited – PSS-4, Adani Green Energy Twenty Six A Limited -PSS3, Adani Green Energy Twenty Six B Limited -PSS3, Adani Hazira Port Limited-PSS3, Adani Hybrid Energy Jaisalmer Five Limited -PSS4, Adani Ports and Special Economic Zone Limited -PSS3, Adani Ports and Special Economic Zone Limited -PSS4, Adani Renewable Energy Fifty Five Limited - PSS3, Adani Renewable Energy Fifty Seven Limited PSS-13, Adani Renewable Energy Fifty Six Limited – PSS4, Adani Renewable Energy Fifty Six Limited – PSS9, Adani Renewable Energy Forty Eight Limited-PSS9, Adani Renewable Energy Forty One Limited - PSS3, Adani Renewable Energy Forty One Limited PSS-13, Adani Renewable Energy Forty One Limited – PSS4, Adani Renewable Energy Holding Four Limited-PSS1, Adani Solar Energy Jodhpur Six Private Limited- PSS9, Adani Wind Energy Kutch Five Limited, Adani Wind Energy Kutch Four Limited, Adani Wind Energy Kutch One Limited/ AWEKTL/ AWEKFL, Adani Wind Energy Kutch Three Limited, Adani Wind Energy MP One Private Limited, Ambuja Cements Limited -PSS-4, Ambuja Cements Limited-PSS-3); can't determine which one this row means"
employees,Manual review required,"employee_id=454 name='Alapan Bera' designation='Commercial & F&C' current_suborg_id=119 -- Word lists this exact name+designation at 27 different stations (Adani Green Energy Twenty Five A Limited -PSS3, Adani Green Energy Twenty Five B Limited -PSS3, Adani Green Energy Twenty Four A Limited -PSS3, Adani Green Energy Twenty Four Limited – PSS-4, Adani Green Energy Twenty Six A Limited -PSS3, Adani Green Energy Twenty Six B Limited -PSS3, Adani Hazira Port Limited-PSS3, Adani Hybrid Energy Jaisalmer Five Limited -PSS4, Adani Ports and Special Economic Zone Limited -PSS3, Adani Ports and Special Economic Zone Limited -PSS4, Adani Renewable Energy Fifty Five Limited - PSS3, Adani Renewable Energy Fifty Seven Limited PSS-13, Adani Renewable Energy Fifty Six Limited – PSS4, Adani Renewable Energy Fifty Six Limited – PSS9, Adani Renewable Energy Forty Eight Limited-PSS9, Adani Renewable Energy Forty One Limited - PSS3, Adani Renewable Energy Forty One Limited PSS-13, Adani Renewable Energy Forty One Limited – PSS4, Adani Renewable Energy Holding Four Limited-PSS1, Adani Solar Energy Jodhpur Six Private Limited- PSS9, Adani Wind Energy Kutch Five Limited, Adani Wind Energy Kutch Four Limited, Adani Wind Energy Kutch One Limited/ AWEKTL/ AWEKFL, Adani Wind Energy Kutch Three Limited, Adani Wind Energy MP One Private Limited, Ambuja Cements Limited -PSS-4, Ambuja Cements Limited-PSS-3); can't determine which one this row means"
employees,Manual review required,"employee_id=457 name='Alapan Bera' designation='Commercial & F&C' current_suborg_id=120 -- Word lists this exact name+designation at 27 different stations (Adani Green Energy Twenty Five A Limited -PSS3, Adani Green Energy Twenty Five B Limited -PSS3, Adani Green Energy Twenty Four A Limited -PSS3, Adani Green Energy Twenty Four Limited – PSS-4, Adani Green Energy Twenty Six A Limited -PSS3, Adani Green Energy Twenty Six B Limited -PSS3, Adani Hazira Port Limited-PSS3, Adani Hybrid Energy Jaisalmer Five Limited -PSS4, Adani Ports and Special Economic Zone Limited -PSS3, Adani Ports and Special Economic Zone Limited -PSS4, Adani Renewable Energy Fifty Five Limited - PSS3, Adani Renewable Energy Fifty Seven Limited PSS-13, Adani Renewable Energy Fifty Six Limited – PSS4, Adani Renewable Energy Fifty Six Limited – PSS9, Adani Renewable Energy Forty Eight Limited-PSS9, Adani Renewable Energy Forty One Limited - PSS3, Adani Renewable Energy Forty One Limited PSS-13, Adani Renewable Energy Forty One Limited – PSS4, Adani Renewable Energy Holding Four Limited-PSS1, Adani Solar Energy Jodhpur Six Private Limited- PSS9, Adani Wind Energy Kutch Five Limited, Adani Wind Energy Kutch Four Limited, Adani Wind Energy Kutch One Limited/ AWEKTL/ AWEKFL, Adani Wind Energy Kutch Three Limited, Adani Wind Energy MP One Private Limited, Ambuja Cements Limited -PSS-4, Ambuja Cements Limited-PSS-3); can't determine which one this row means"
employees,Manual review required,"employee_id=460 name='Alapan Bera' designation='Commercial & F&C' current_suborg_id=121 -- Word lists this exact name+designation at 27 different stations (Adani Green Energy Twenty Five A Limited -PSS3, Adani Green Energy Twenty Five B Limited -PSS3, Adani Green Energy Twenty Four A Limited -PSS3, Adani Green Energy Twenty Four Limited – PSS-4, Adani Green Energy Twenty Six A Limited -PSS3, Adani Green Energy Twenty Six B Limited -PSS3, Adani Hazira Port Limited-PSS3, Adani Hybrid Energy Jaisalmer Five Limited -PSS4, Adani Ports and Special Economic Zone Limited -PSS3, Adani Ports and Special Economic Zone Limited -PSS4, Adani Renewable Energy Fifty Five Limited - PSS3, Adani Renewable Energy Fifty Seven Limited PSS-13, Adani Renewable Energy Fifty Six Limited – PSS4, Adani Renewable Energy Fifty Six Limited – PSS9, Adani Renewable Energy Forty Eight Limited-PSS9, Adani Renewable Energy Forty One Limited - PSS3, Adani Renewable Energy Forty One Limited PSS-13, Adani Renewable Energy Forty One Limited – PSS4, Adani Renewable Energy Holding Four Limited-PSS1, Adani Solar Energy Jodhpur Six Private Limited- PSS9, Adani Wind Energy Kutch Five Limited, Adani Wind Energy Kutch Four Limited, Adani Wind Energy Kutch One Limited/ AWEKTL/ AWEKFL, Adani Wind Energy Kutch Three Limited, Adani Wind Energy MP One Private Limited, Ambuja Cements Limited -PSS-4, Ambuja Cements Limited-PSS-3); can't determine which one this row means"
employees,Manual review required,"employee_id=463 name='Alapan Bera' designation='Commercial & F&C' current_suborg_id=122 -- Word lists this exact name+designation at 27 different stations (Adani Green Energy Twenty Five A Limited -PSS3, Adani Green Energy Twenty Five B Limited -PSS3, Adani Green Energy Twenty Four A Limited -PSS3, Adani Green Energy Twenty Four Limited – PSS-4, Adani Green Energy Twenty Six A Limited -PSS3, Adani Green Energy Twenty Six B Limited -PSS3, Adani Hazira Port Limited-PSS3, Adani Hybrid Energy Jaisalmer Five Limited -PSS4, Adani Ports and Special Economic Zone Limited -PSS3, Adani Ports and Special Economic Zone Limited -PSS4, Adani Renewable Energy Fifty Five Limited - PSS3, Adani Renewable Energy Fifty Seven Limited PSS-13, Adani Renewable Energy Fifty Six Limited – PSS4, Adani Renewable Energy Fifty Six Limited – PSS9, Adani Renewable Energy Forty Eight Limited-PSS9, Adani Renewable Energy Forty One Limited - PSS3, Adani Renewable Energy Forty One Limited PSS-13, Adani Renewable Energy Forty One Limited – PSS4, Adani Renewable Energy Holding Four Limited-PSS1, Adani Solar Energy Jodhpur Six Private Limited- PSS9, Adani Wind Energy Kutch Five Limited, Adani Wind Energy Kutch Four Limited, Adani Wind Energy Kutch One Limited/ AWEKTL/ AWEKFL, Adani Wind Energy Kutch Three Limited, Adani Wind Energy MP One Private Limited, Ambuja Cements Limited -PSS-4, Ambuja Cements Limited-PSS-3); can't determine which one this row means"
employees,Manual review required,"employee_id=466 name='Alapan Bera' designation='Commercial & F&C' current_suborg_id=123 -- Word lists this exact name+designation at 27 different stations (Adani Green Energy Twenty Five A Limited -PSS3, Adani Green Energy Twenty Five B Limited -PSS3, Adani Green Energy Twenty Four A Limited -PSS3, Adani Green Energy Twenty Four Limited – PSS-4, Adani Green Energy Twenty Six A Limited -PSS3, Adani Green Energy Twenty Six B Limited -PSS3, Adani Hazira Port Limited-PSS3, Adani Hybrid Energy Jaisalmer Five Limited -PSS4, Adani Ports and Special Economic Zone Limited -PSS3, Adani Ports and Special Economic Zone Limited -PSS4, Adani Renewable Energy Fifty Five Limited - PSS3, Adani Renewable Energy Fifty Seven Limited PSS-13, Adani Renewable Energy Fifty Six Limited – PSS4, Adani Renewable Energy Fifty Six Limited – PSS9, Adani Renewable Energy Forty Eight Limited-PSS9, Adani Renewable Energy Forty One Limited - PSS3, Adani Renewable Energy Forty One Limited PSS-13, Adani Renewable Energy Forty One Limited – PSS4, Adani Renewable Energy Holding Four Limited-PSS1, Adani Solar Energy Jodhpur Six Private Limited- PSS9, Adani Wind Energy Kutch Five Limited, Adani Wind Energy Kutch Four Limited, Adani Wind Energy Kutch One Limited/ AWEKTL/ AWEKFL, Adani Wind Energy Kutch Three Limited, Adani Wind Energy MP One Private Limited, Ambuja Cements Limited -PSS-4, Ambuja Cements Limited-PSS-3); can't determine which one this row means"
employees,Manual review required,"employee_id=469 name='Alapan Bera' designation='Commercial & F&C' current_suborg_id=124 -- Word lists this exact name+designation at 27 different stations (Adani Green Energy Twenty Five A Limited -PSS3, Adani Green Energy Twenty Five B Limited -PSS3, Adani Green Energy Twenty Four A Limited -PSS3, Adani Green Energy Twenty Four Limited – PSS-4, Adani Green Energy Twenty Six A Limited -PSS3, Adani Green Energy Twenty Six B Limited -PSS3, Adani Hazira Port Limited-PSS3, Adani Hybrid Energy Jaisalmer Five Limited -PSS4, Adani Ports and Special Economic Zone Limited -PSS3, Adani Ports and Special Economic Zone Limited -PSS4, Adani Renewable Energy Fifty Five Limited - PSS3, Adani Renewable Energy Fifty Seven Limited PSS-13, Adani Renewable Energy Fifty Six Limited – PSS4, Adani Renewable Energy Fifty Six Limited – PSS9, Adani Renewable Energy Forty Eight Limited-PSS9, Adani Renewable Energy Forty One Limited - PSS3, Adani Renewable Energy Forty One Limited PSS-13, Adani Renewable Energy Forty One Limited – PSS4, Adani Renewable Energy Holding Four Limited-PSS1, Adani Solar Energy Jodhpur Six Private Limited- PSS9, Adani Wind Energy Kutch Five Limited, Adani Wind Energy Kutch Four Limited, Adani Wind Energy Kutch One Limited/ AWEKTL/ AWEKFL, Adani Wind Energy Kutch Three Limited, Adani Wind Energy MP One Private Limited, Ambuja Cements Limited -PSS-4, Ambuja Cements Limited-PSS-3); can't determine which one this row means"
employees,Manual review required,"employee_id=472 name='Alapan Bera' designation='Commercial & F&C' current_suborg_id=None -- Word lists this exact name+designation at 27 different stations (Adani Green Energy Twenty Five A Limited -PSS3, Adani Green Energy Twenty Five B Limited -PSS3, Adani Green Energy Twenty Four A Limited -PSS3, Adani Green Energy Twenty Four Limited – PSS-4, Adani Green Energy Twenty Six A Limited -PSS3, Adani Green Energy Twenty Six B Limited -PSS3, Adani Hazira Port Limited-PSS3, Adani Hybrid Energy Jaisalmer Five Limited -PSS4, Adani Ports and Special Economic Zone Limited -PSS3, Adani Ports and Special Economic Zone Limited -PSS4, Adani Renewable Energy Fifty Five Limited - PSS3, Adani Renewable Energy Fifty Seven Limited PSS-13, Adani Renewable Energy Fifty Six Limited – PSS4, Adani Renewable Energy Fifty Six Limited – PSS9, Adani Renewable Energy Forty Eight Limited-PSS9, Adani Renewable Energy Forty One Limited - PSS3, Adani Renewable Energy Forty One Limited PSS-13, Adani Renewable Energy Forty One Limited – PSS4, Adani Renewable Energy Holding Four Limited-PSS1, Adani Solar Energy Jodhpur Six Private Limited- PSS9, Adani Wind Energy Kutch Five Limited, Adani Wind Energy Kutch Four Limited, Adani Wind Energy Kutch One Limited/ AWEKTL/ AWEKFL, Adani Wind Energy Kutch Three Limited, Adani Wind Energy MP One Private Limited, Ambuja Cements Limited -PSS-4, Ambuja Cements Limited-PSS-3); can't determine which one this row means"
employees,Manual review required,"employee_id=475 name='Alapan Bera' designation='Commercial & F&C' current_suborg_id=None -- Word lists this exact name+designation at 27 different stations (Adani Green Energy Twenty Five A Limited -PSS3, Adani Green Energy Twenty Five B Limited -PSS3, Adani Green Energy Twenty Four A Limited -PSS3, Adani Green Energy Twenty Four Limited – PSS-4, Adani Green Energy Twenty Six A Limited -PSS3, Adani Green Energy Twenty Six B Limited -PSS3, Adani Hazira Port Limited-PSS3, Adani Hybrid Energy Jaisalmer Five Limited -PSS4, Adani Ports and Special Economic Zone Limited -PSS3, Adani Ports and Special Economic Zone Limited -PSS4, Adani Renewable Energy Fifty Five Limited - PSS3, Adani Renewable Energy Fifty Seven Limited PSS-13, Adani Renewable Energy Fifty Six Limited – PSS4, Adani Renewable Energy Fifty Six Limited – PSS9, Adani Renewable Energy Forty Eight Limited-PSS9, Adani Renewable Energy Forty One Limited - PSS3, Adani Renewable Energy Forty One Limited PSS-13, Adani Renewable Energy Forty One Limited – PSS4, Adani Renewable Energy Holding Four Limited-PSS1, Adani Solar Energy Jodhpur Six Private Limited- PSS9, Adani Wind Energy Kutch Five Limited, Adani Wind Energy Kutch Four Limited, Adani Wind Energy Kutch One Limited/ AWEKTL/ AWEKFL, Adani Wind Energy Kutch Three Limited, Adani Wind Energy MP One Private Limited, Ambuja Cements Limited -PSS-4, Ambuja Cements Limited-PSS-3); can't determine which one this row means"
employees,Manual review required,"employee_id=478 name='Alapan Bera' designation='Commercial & F&C' current_suborg_id=None -- Word lists this exact name+designation at 27 different stations (Adani Green Energy Twenty Five A Limited -PSS3, Adani Green Energy Twenty Five B Limited -PSS3, Adani Green Energy Twenty Four A Limited -PSS3, Adani Green Energy Twenty Four Limited – PSS-4, Adani Green Energy Twenty Six A Limited -PSS3, Adani Green Energy Twenty Six B Limited -PSS3, Adani Hazira Port Limited-PSS3, Adani Hybrid Energy Jaisalmer Five Limited -PSS4, Adani Ports and Special Economic Zone Limited -PSS3, Adani Ports and Special Economic Zone Limited -PSS4, Adani Renewable Energy Fifty Five Limited - PSS3, Adani Renewable Energy Fifty Seven Limited PSS-13, Adani Renewable Energy Fifty Six Limited – PSS4, Adani Renewable Energy Fifty Six Limited – PSS9, Adani Renewable Energy Forty Eight Limited-PSS9, Adani Renewable Energy Forty One Limited - PSS3, Adani Renewable Energy Forty One Limited PSS-13, Adani Renewable Energy Forty One Limited – PSS4, Adani Renewable Energy Holding Four Limited-PSS1, Adani Solar Energy Jodhpur Six Private Limited- PSS9, Adani Wind Energy Kutch Five Limited, Adani Wind Energy Kutch Four Limited, Adani Wind Energy Kutch One Limited/ AWEKTL/ AWEKFL, Adani Wind Energy Kutch Three Limited, Adani Wind Energy MP One Private Limited, Ambuja Cements Limited -PSS-4, Ambuja Cements Limited-PSS-3); can't determine which one this row means"
employees,Manual review required,"employee_id=481 name='Alapan Bera' designation='Commercial & F&C' current_suborg_id=None -- Word lists this exact name+designation at 27 different stations (Adani Green Energy Twenty Five A Limited -PSS3, Adani Green Energy Twenty Five B Limited -PSS3, Adani Green Energy Twenty Four A Limited -PSS3, Adani Green Energy Twenty Four Limited – PSS-4, Adani Green Energy Twenty Six A Limited -PSS3, Adani Green Energy Twenty Six B Limited -PSS3, Adani Hazira Port Limited-PSS3, Adani Hybrid Energy Jaisalmer Five Limited -PSS4, Adani Ports and Special Economic Zone Limited -PSS3, Adani Ports and Special Economic Zone Limited -PSS4, Adani Renewable Energy Fifty Five Limited - PSS3, Adani Renewable Energy Fifty Seven Limited PSS-13, Adani Renewable Energy Fifty Six Limited – PSS4, Adani Renewable Energy Fifty Six Limited – PSS9, Adani Renewable Energy Forty Eight Limited-PSS9, Adani Renewable Energy Forty One Limited - PSS3, Adani Renewable Energy Forty One Limited PSS-13, Adani Renewable Energy Forty One Limited – PSS4, Adani Renewable Energy Holding Four Limited-PSS1, Adani Solar Energy Jodhpur Six Private Limited- PSS9, Adani Wind Energy Kutch Five Limited, Adani Wind Energy Kutch Four Limited, Adani Wind Energy Kutch One Limited/ AWEKTL/ AWEKFL, Adani Wind Energy Kutch Three Limited, Adani Wind Energy MP One Private Limited, Ambuja Cements Limited -PSS-4, Ambuja Cements Limited-PSS-3); can't determine which one this row means"
employees,Manual review required,"employee_id=484 name='Alapan Bera' designation='Commercial & F&C' current_suborg_id=None -- Word lists this exact name+designation at 27 different stations (Adani Green Energy Twenty Five A Limited -PSS3, Adani Green Energy Twenty Five B Limited -PSS3, Adani Green Energy Twenty Four A Limited -PSS3, Adani Green Energy Twenty Four Limited – PSS-4, Adani Green Energy Twenty Six A Limited -PSS3, Adani Green Energy Twenty Six B Limited -PSS3, Adani Hazira Port Limited-PSS3, Adani Hybrid Energy Jaisalmer Five Limited -PSS4, Adani Ports and Special Economic Zone Limited -PSS3, Adani Ports and Special Economic Zone Limited -PSS4, Adani Renewable Energy Fifty Five Limited - PSS3, Adani Renewable Energy Fifty Seven Limited PSS-13, Adani Renewable Energy Fifty Six Limited – PSS4, Adani Renewable Energy Fifty Six Limited – PSS9, Adani Renewable Energy Forty Eight Limited-PSS9, Adani Renewable Energy Forty One Limited - PSS3, Adani Renewable Energy Forty One Limited PSS-13, Adani Renewable Energy Forty One Limited – PSS4, Adani Renewable Energy Holding Four Limited-PSS1, Adani Solar Energy Jodhpur Six Private Limited- PSS9, Adani Wind Energy Kutch Five Limited, Adani Wind Energy Kutch Four Limited, Adani Wind Energy Kutch One Limited/ AWEKTL/ AWEKFL, Adani Wind Energy Kutch Three Limited, Adani Wind Energy MP One Private Limited, Ambuja Cements Limited -PSS-4, Ambuja Cements Limited-PSS-3); can't determine which one this row means"
employees,Manual review required,"employee_id=487 name='Alapan Bera' designation='Commercial & F&C' current_suborg_id=None -- Word lists this exact name+designation at 27 different stations (Adani Green Energy Twenty Five A Limited -PSS3, Adani Green Energy Twenty Five B Limited -PSS3, Adani Green Energy Twenty Four A Limited -PSS3, Adani Green Energy Twenty Four Limited – PSS-4, Adani Green Energy Twenty Six A Limited -PSS3, Adani Green Energy Twenty Six B Limited -PSS3, Adani Hazira Port Limited-PSS3, Adani Hybrid Energy Jaisalmer Five Limited -PSS4, Adani Ports and Special Economic Zone Limited -PSS3, Adani Ports and Special Economic Zone Limited -PSS4, Adani Renewable Energy Fifty Five Limited - PSS3, Adani Renewable Energy Fifty Seven Limited PSS-13, Adani Renewable Energy Fifty Six Limited – PSS4, Adani Renewable Energy Fifty Six Limited – PSS9, Adani Renewable Energy Forty Eight Limited-PSS9, Adani Renewable Energy Forty One Limited - PSS3, Adani Renewable Energy Forty One Limited PSS-13, Adani Renewable Energy Forty One Limited – PSS4, Adani Renewable Energy Holding Four Limited-PSS1, Adani Solar Energy Jodhpur Six Private Limited- PSS9, Adani Wind Energy Kutch Five Limited, Adani Wind Energy Kutch Four Limited, Adani Wind Energy Kutch One Limited/ AWEKTL/ AWEKFL, Adani Wind Energy Kutch Three Limited, Adani Wind Energy MP One Private Limited, Ambuja Cements Limited -PSS-4, Ambuja Cements Limited-PSS-3); can't determine which one this row means"
employees,Manual review required,"employee_id=490 name='Alapan Bera' designation='Commercial & F&C' current_suborg_id=None -- Word lists this exact name+designation at 27 different stations (Adani Green Energy Twenty Five A Limited -PSS3, Adani Green Energy Twenty Five B Limited -PSS3, Adani Green Energy Twenty Four A Limited -PSS3, Adani Green Energy Twenty Four Limited – PSS-4, Adani Green Energy Twenty Six A Limited -PSS3, Adani Green Energy Twenty Six B Limited -PSS3, Adani Hazira Port Limited-PSS3, Adani Hybrid Energy Jaisalmer Five Limited -PSS4, Adani Ports and Special Economic Zone Limited -PSS3, Adani Ports and Special Economic Zone Limited -PSS4, Adani Renewable Energy Fifty Five Limited - PSS3, Adani Renewable Energy Fifty Seven Limited PSS-13, Adani Renewable Energy Fifty Six Limited – PSS4, Adani Renewable Energy Fifty Six Limited – PSS9, Adani Renewable Energy Forty Eight Limited-PSS9, Adani Renewable Energy Forty One Limited - PSS3, Adani Renewable Energy Forty One Limited PSS-13, Adani Renewable Energy Forty One Limited – PSS4, Adani Renewable Energy Holding Four Limited-PSS1, Adani Solar Energy Jodhpur Six Private Limited- PSS9, Adani Wind Energy Kutch Five Limited, Adani Wind Energy Kutch Four Limited, Adani Wind Energy Kutch One Limited/ AWEKTL/ AWEKFL, Adani Wind Energy Kutch Three Limited, Adani Wind Energy MP One Private Limited, Ambuja Cements Limited -PSS-4, Ambuja Cements Limited-PSS-3); can't determine which one this row means"
employees,Manual review required,"employee_id=493 name='Alapan Bera' designation='Commercial & F&C' current_suborg_id=None -- Word lists this exact name+designation at 27 different stations (Adani Green Energy Twenty Five A Limited -PSS3, Adani Green Energy Twenty Five B Limited -PSS3, Adani Green Energy Twenty Four A Limited -PSS3, Adani Green Energy Twenty Four Limited – PSS-4, Adani Green Energy Twenty Six A Limited -PSS3, Adani Green Energy Twenty Six B Limited -PSS3, Adani Hazira Port Limited-PSS3, Adani Hybrid Energy Jaisalmer Five Limited -PSS4, Adani Ports and Special Economic Zone Limited -PSS3, Adani Ports and Special Economic Zone Limited -PSS4, Adani Renewable Energy Fifty Five Limited - PSS3, Adani Renewable Energy Fifty Seven Limited PSS-13, Adani Renewable Energy Fifty Six Limited – PSS4, Adani Renewable Energy Fifty Six Limited – PSS9, Adani Renewable Energy Forty Eight Limited-PSS9, Adani Renewable Energy Forty One Limited - PSS3, Adani Renewable Energy Forty One Limited PSS-13, Adani Renewable Energy Forty One Limited – PSS4, Adani Renewable Energy Holding Four Limited-PSS1, Adani Solar Energy Jodhpur Six Private Limited- PSS9, Adani Wind Energy Kutch Five Limited, Adani Wind Energy Kutch Four Limited, Adani Wind Energy Kutch One Limited/ AWEKTL/ AWEKFL, Adani Wind Energy Kutch Three Limited, Adani Wind Energy MP One Private Limited, Ambuja Cements Limited -PSS-4, Ambuja Cements Limited-PSS-3); can't determine which one this row means"
employees,Manual review required,"employee_id=496 name='Alapan Bera' designation='Commercial & F&C' current_suborg_id=None -- Word lists this exact name+designation at 27 different stations (Adani Green Energy Twenty Five A Limited -PSS3, Adani Green Energy Twenty Five B Limited -PSS3, Adani Green Energy Twenty Four A Limited -PSS3, Adani Green Energy Twenty Four Limited – PSS-4, Adani Green Energy Twenty Six A Limited -PSS3, Adani Green Energy Twenty Six B Limited -PSS3, Adani Hazira Port Limited-PSS3, Adani Hybrid Energy Jaisalmer Five Limited -PSS4, Adani Ports and Special Economic Zone Limited -PSS3, Adani Ports and Special Economic Zone Limited -PSS4, Adani Renewable Energy Fifty Five Limited - PSS3, Adani Renewable Energy Fifty Seven Limited PSS-13, Adani Renewable Energy Fifty Six Limited – PSS4, Adani Renewable Energy Fifty Six Limited – PSS9, Adani Renewable Energy Forty Eight Limited-PSS9, Adani Renewable Energy Forty One Limited - PSS3, Adani Renewable Energy Forty One Limited PSS-13, Adani Renewable Energy Forty One Limited – PSS4, Adani Renewable Energy Holding Four Limited-PSS1, Adani Solar Energy Jodhpur Six Private Limited- PSS9, Adani Wind Energy Kutch Five Limited, Adani Wind Energy Kutch Four Limited, Adani Wind Energy Kutch One Limited/ AWEKTL/ AWEKFL, Adani Wind Energy Kutch Three Limited, Adani Wind Energy MP One Private Limited, Ambuja Cements Limited -PSS-4, Ambuja Cements Limited-PSS-3); can't determine which one this row means"
employees,Manual review required,"employee_id=499 name='Alapan Bera' designation='Commercial & F&C' current_suborg_id=None -- Word lists this exact name+designation at 27 different stations (Adani Green Energy Twenty Five A Limited -PSS3, Adani Green Energy Twenty Five B Limited -PSS3, Adani Green Energy Twenty Four A Limited -PSS3, Adani Green Energy Twenty Four Limited – PSS-4, Adani Green Energy Twenty Six A Limited -PSS3, Adani Green Energy Twenty Six B Limited -PSS3, Adani Hazira Port Limited-PSS3, Adani Hybrid Energy Jaisalmer Five Limited -PSS4, Adani Ports and Special Economic Zone Limited -PSS3, Adani Ports and Special Economic Zone Limited -PSS4, Adani Renewable Energy Fifty Five Limited - PSS3, Adani Renewable Energy Fifty Seven Limited PSS-13, Adani Renewable Energy Fifty Six Limited – PSS4, Adani Renewable Energy Fifty Six Limited – PSS9, Adani Renewable Energy Forty Eight Limited-PSS9, Adani Renewable Energy Forty One Limited - PSS3, Adani Renewable Energy Forty One Limited PSS-13, Adani Renewable Energy Forty One Limited – PSS4, Adani Renewable Energy Holding Four Limited-PSS1, Adani Solar Energy Jodhpur Six Private Limited- PSS9, Adani Wind Energy Kutch Five Limited, Adani Wind Energy Kutch Four Limited, Adani Wind Energy Kutch One Limited/ AWEKTL/ AWEKFL, Adani Wind Energy Kutch Three Limited, Adani Wind Energy MP One Private Limited, Ambuja Cements Limited -PSS-4, Ambuja Cements Limited-PSS-3); can't determine which one this row means"
employees,Manual review required,"employee_id=502 name='Alapan Bera' designation='Commercial & F&C' current_suborg_id=None -- Word lists this exact name+designation at 27 different stations (Adani Green Energy Twenty Five A Limited -PSS3, Adani Green Energy Twenty Five B Limited -PSS3, Adani Green Energy Twenty Four A Limited -PSS3, Adani Green Energy Twenty Four Limited – PSS-4, Adani Green Energy Twenty Six A Limited -PSS3, Adani Green Energy Twenty Six B Limited -PSS3, Adani Hazira Port Limited-PSS3, Adani Hybrid Energy Jaisalmer Five Limited -PSS4, Adani Ports and Special Economic Zone Limited -PSS3, Adani Ports and Special Economic Zone Limited -PSS4, Adani Renewable Energy Fifty Five Limited - PSS3, Adani Renewable Energy Fifty Seven Limited PSS-13, Adani Renewable Energy Fifty Six Limited – PSS4, Adani Renewable Energy Fifty Six Limited – PSS9, Adani Renewable Energy Forty Eight Limited-PSS9, Adani Renewable Energy Forty One Limited - PSS3, Adani Renewable Energy Forty One Limited PSS-13, Adani Renewable Energy Forty One Limited – PSS4, Adani Renewable Energy Holding Four Limited-PSS1, Adani Solar Energy Jodhpur Six Private Limited- PSS9, Adani Wind Energy Kutch Five Limited, Adani Wind Energy Kutch Four Limited, Adani Wind Energy Kutch One Limited/ AWEKTL/ AWEKFL, Adani Wind Energy Kutch Three Limited, Adani Wind Energy MP One Private Limited, Ambuja Cements Limited -PSS-4, Ambuja Cements Limited-PSS-3); can't determine which one this row means"
employees,Manual review required,"employee_id=505 name='Alapan Bera' designation='Commercial & F&C' current_suborg_id=None -- Word lists this exact name+designation at 27 different stations (Adani Green Energy Twenty Five A Limited -PSS3, Adani Green Energy Twenty Five B Limited -PSS3, Adani Green Energy Twenty Four A Limited -PSS3, Adani Green Energy Twenty Four Limited – PSS-4, Adani Green Energy Twenty Six A Limited -PSS3, Adani Green Energy Twenty Six B Limited -PSS3, Adani Hazira Port Limited-PSS3, Adani Hybrid Energy Jaisalmer Five Limited -PSS4, Adani Ports and Special Economic Zone Limited -PSS3, Adani Ports and Special Economic Zone Limited -PSS4, Adani Renewable Energy Fifty Five Limited - PSS3, Adani Renewable Energy Fifty Seven Limited PSS-13, Adani Renewable Energy Fifty Six Limited – PSS4, Adani Renewable Energy Fifty Six Limited – PSS9, Adani Renewable Energy Forty Eight Limited-PSS9, Adani Renewable Energy Forty One Limited - PSS3, Adani Renewable Energy Forty One Limited PSS-13, Adani Renewable Energy Forty One Limited – PSS4, Adani Renewable Energy Holding Four Limited-PSS1, Adani Solar Energy Jodhpur Six Private Limited- PSS9, Adani Wind Energy Kutch Five Limited, Adani Wind Energy Kutch Four Limited, Adani Wind Energy Kutch One Limited/ AWEKTL/ AWEKFL, Adani Wind Energy Kutch Three Limited, Adani Wind Energy MP One Private Limited, Ambuja Cements Limited -PSS-4, Ambuja Cements Limited-PSS-3); can't determine which one this row means"
employees,Manual review required,"employee_id=508 name='Alapan Bera' designation='Commercial & F&C' current_suborg_id=None -- Word lists this exact name+designation at 27 different stations (Adani Green Energy Twenty Five A Limited -PSS3, Adani Green Energy Twenty Five B Limited -PSS3, Adani Green Energy Twenty Four A Limited -PSS3, Adani Green Energy Twenty Four Limited – PSS-4, Adani Green Energy Twenty Six A Limited -PSS3, Adani Green Energy Twenty Six B Limited -PSS3, Adani Hazira Port Limited-PSS3, Adani Hybrid Energy Jaisalmer Five Limited -PSS4, Adani Ports and Special Economic Zone Limited -PSS3, Adani Ports and Special Economic Zone Limited -PSS4, Adani Renewable Energy Fifty Five Limited - PSS3, Adani Renewable Energy Fifty Seven Limited PSS-13, Adani Renewable Energy Fifty Six Limited – PSS4, Adani Renewable Energy Fifty Six Limited – PSS9, Adani Renewable Energy Forty Eight Limited-PSS9, Adani Renewable Energy Forty One Limited - PSS3, Adani Renewable Energy Forty One Limited PSS-13, Adani Renewable Energy Forty One Limited – PSS4, Adani Renewable Energy Holding Four Limited-PSS1, Adani Solar Energy Jodhpur Six Private Limited- PSS9, Adani Wind Energy Kutch Five Limited, Adani Wind Energy Kutch Four Limited, Adani Wind Energy Kutch One Limited/ AWEKTL/ AWEKFL, Adani Wind Energy Kutch Three Limited, Adani Wind Energy MP One Private Limited, Ambuja Cements Limited -PSS-4, Ambuja Cements Limited-PSS-3); can't determine which one this row means"
employees,Manual review required,"employee_id=514 name='Alapan Bera' designation='Sr. Manager' current_suborg_id=None -- Word shows this role at station 'Qualified Coordinating Agency', which has no exact match in sub_organizations"
employees,Manual review required,"employee_id=7 name='Amaresh Mallick' designation='Executive Director' current_suborg_id=6 -- Word shows this role at station 'NLDC and RLDCs', which has no exact match in sub_organizations"
employees,Manual review required,"employee_id=584 name='Anil Kumar Sharma' designation='CEO' current_suborg_id=None -- Word lists this exact name+designation at 2 different stations (Jhabua Power Limited, Jindal Power Limited); can't determine which one this row means"
employees,Manual review required,"employee_id=591 name='Anil Kumar Sharma' designation='CEO' current_suborg_id=None -- Word lists this exact name+designation at 2 different stations (Jhabua Power Limited, Jindal Power Limited); can't determine which one this row means"
employees,Manual review required,"employee_id=156 name='Anita Pai Raikar' designation='AE(Tech/IT)' current_suborg_id=None -- Word shows this role at station 'Goa Electricity Department', which has no exact match in sub_organizations"
employees,Manual review required,"employee_id=74 name='Anjana Thakker' designation='SE(EA) Energy Accounting' current_suborg_id=35 -- Word shows this role at station 'Maharashtra State Load Despatch Centre', which has no exact match in sub_organizations"
employees,Manual review required,"employee_id=681 name='Anshul Garg' designation='Head - Power Sales & Trading' current_suborg_id=157 -- Word shows this role at station '. Adani Power Limited', which has no exact match in sub_organizations"
employees,Manual review required,"employee_id=157 name='Anuj Shatti' designation='AE, Ponda S/S' current_suborg_id=None -- Word shows this role at station 'Goa Electricity Department', which has no exact match in sub_organizations"
employees,Manual review required,"employee_id=200 name='Arbind Kumar' designation='Sr. Manager (Comml)' current_suborg_id=None -- Word shows this role at station 'NTPC Mumbai Head Quarter (WR-1)', which has no exact match in sub_organizations"
employees,Manual review required,"employee_id=297 name='Arvind Kumar' designation='O&M Head HQ' current_suborg_id=None -- Word lists this exact name+designation at 4 different stations (INOX Green Energy Services Limited, Wind Five Renergy Limited, Wind One Renergy Limited, Wind Three Renergy Limited); can't determine which one this row means"
employees,Manual review required,"employee_id=420 name='Arvind Kumar' designation='O&M Head HQ' current_suborg_id=99 -- Word lists this exact name+designation at 4 different stations (INOX Green Energy Services Limited, Wind Five Renergy Limited, Wind One Renergy Limited, Wind Three Renergy Limited); can't determine which one this row means"
employees,Manual review required,"employee_id=428 name='Arvind Kumar' designation='O&M Head HQ' current_suborg_id=100 -- Word lists this exact name+designation at 4 different stations (INOX Green Energy Services Limited, Wind Five Renergy Limited, Wind One Renergy Limited, Wind Three Renergy Limited); can't determine which one this row means"
employees,Manual review required,"employee_id=586 name='Ashok Singh Yadav' designation='General Manager, O&M' current_suborg_id=None -- Word lists this exact name+designation at 2 different stations (Jhabua Power Limited, Jindal Power Limited); can't determine which one this row means"
employees,Manual review required,"employee_id=593 name='Ashok Singh Yadav' designation='General Manager, O&M' current_suborg_id=None -- Word lists this exact name+designation at 2 different stations (Jhabua Power Limited, Jindal Power Limited); can't determine which one this row means"
employees,Manual review required,"employee_id=216 name='Ashwini Kumar Tripathy' designation='RED (WR-II)' current_suborg_id=None -- Word lists this exact name+designation at 2 different stations (NTPC Raipur Head Quarter (WR-2), Synopsis of Important Telephone Numbers); can't determine which one this row means"
employees,Manual review required,"employee_id=171 name='Avinash Chalwadi' designation='JE, Verna' current_suborg_id=None -- Word shows this role at station 'Goa Electricity Department', which has no exact match in sub_organizations"
employees,Manual review required,"employee_id=668 name='B. J. Rathwa' designation='Ex. Engr (Elect. CHPH)' current_suborg_id=None -- Word shows this role at station 'SSP', which has no exact match in sub_organizations"
employees,Manual review required,"employee_id=193 name='B. R PATEL' designation='J.E SLDC-DNH' current_suborg_id=None -- Word shows this role at station 'Dadra and Nagar Haveli', which has no exact match in sub_organizations"
employees,Manual review required,"employee_id=99 name='B.M. Shah' designation='Exe. Engineer' current_suborg_id=None -- Word shows this role at station 'Gujarat State Load Despatch Centre', which has no exact match in sub_organizations"
employees,Manual review required,"employee_id=298 name='Bapulal Labana' designation='Incharge O&M' current_suborg_id=None -- Word lists this exact name+designation at 4 different stations (INOX Green Energy Services Limited, Wind Five Renergy Limited, Wind One Renergy Limited, Wind Three Renergy Limited); can't determine which one this row means"
employees,Manual review required,"employee_id=421 name='Bapulal Labana' designation='Incharge O&M' current_suborg_id=99 -- Word lists this exact name+designation at 4 different stations (INOX Green Energy Services Limited, Wind Five Renergy Limited, Wind One Renergy Limited, Wind Three Renergy Limited); can't determine which one this row means"
employees,Manual review required,"employee_id=429 name='Bapulal Labana' designation='Incharge O&M' current_suborg_id=100 -- Word lists this exact name+designation at 4 different stations (INOX Green Energy Services Limited, Wind Five Renergy Limited, Wind One Renergy Limited, Wind Three Renergy Limited); can't determine which one this row means"
employees,Manual review required,"employee_id=82 name='Bharat Waghmare' designation='EE(C/R)' current_suborg_id=35 -- Word shows this role at station 'Maharashtra State Load Despatch Centre', which has no exact match in sub_organizations"
employees,Manual review required,"employee_id=282 name='Bharatbhai Patel' designation='Head of the Station' current_suborg_id=68 -- Word lists this exact name+designation at 2 different stations (Adani Wind Energy Kutch Five Limited, Adani Wind Energy Kutch One Limited/ AWEKTL/ AWEKFL); can't determine which one this row means"
employees,Manual review required,"employee_id=360 name='Bharatbhai Patel' designation='Head of the Station' current_suborg_id=85 -- Word lists this exact name+designation at 2 different stations (Adani Wind Energy Kutch Five Limited, Adani Wind Energy Kutch One Limited/ AWEKTL/ AWEKFL); can't determine which one this row means"
employees,Manual review required,"employee_id=509 name='Bibhu Sahoo' designation='Station head' current_suborg_id=None -- Word shows this role at station 'Qualified Coordinating Agency', which has no exact match in sub_organizations"
employees,Manual review required,"employee_id=120 name='Brijesh Maravi' designation='EE (GCC)' current_suborg_id=None -- Word shows this role at station 'Madhya Pradesh State Load Despatch Centre', which has no exact match in sub_organizations"
employees,Manual review required,"employee_id=190 name='C.A PARMAR' designation='Chief Engineer' current_suborg_id=None -- Word shows this role at station 'Dadra and Nagar Haveli', which has no exact match in sub_organizations"
employees,Manual review required,"employee_id=587 name='Chandra V. Singh' designation='GM, Operations' current_suborg_id=None -- Word lists this exact name+designation at 2 different stations (Jhabua Power Limited, Jindal Power Limited); can't determine which one this row means"
employees,Manual review required,"employee_id=594 name='Chandra V. Singh' designation='GM, Operations' current_suborg_id=None -- Word lists this exact name+designation at 2 different stations (Jhabua Power Limited, Jindal Power Limited); can't determine which one this row means"
employees,Manual review required,"employee_id=113 name='Cinderella Felix' designation='A.E' current_suborg_id=None -- Word shows this role at station 'Madhya Pradesh State Load Despatch Centre', which has no exact match in sub_organizations"
employees,Manual review required,"employee_id=195 name='D Mandal' designation='GM(OS)' current_suborg_id=None -- Word shows this role at station 'NTPC Mumbai Head Quarter (WR-1)', which has no exact match in sub_organizations"
employees,Manual review required,"employee_id=96 name='D. N. Shah' designation='SE (Operation)' current_suborg_id=None -- Word lists this exact name+designation at 2 different stations (Gujarat State Load Despatch Centre, Synopsis of Important Telephone Numbers); can't determine which one this row means"
employees,Manual review required,"employee_id=78 name='D.Z.Patil' designation='EE(OP) - 2' current_suborg_id=35 -- Word shows this role at station 'Maharashtra State Load Despatch Centre', which has no exact match in sub_organizations"
employees,Manual review required,"employee_id=512 name='Debadutta Sahoo' designation='Sr. Manager' current_suborg_id=None -- Word shows this role at station 'Qualified Coordinating Agency', which has no exact match in sub_organizations"
employees,Manual review required,"employee_id=10 name='Deepak N. Gawali' designation='Director(Opn)' current_suborg_id=None -- Word shows this role at station 'Western Regional Power Committee', which has no exact match in sub_organizations"
employees,Manual review required,"employee_id=12 name='Deepak Sharma' designation='Deputy Director(Protection & Studies)' current_suborg_id=None -- Word shows this role at station 'Western Regional Power Committee', which has no exact match in sub_organizations"
employees,Manual review required,"employee_id=168 name='Denver Mendes' designation='JE, Cuncolim S?S' current_suborg_id=None -- Word shows this role at station 'Goa Electricity Department', which has no exact match in sub_organizations"
employees,Manual review required,"employee_id=327 name='Dhananjay Joshi' designation='VP-Asset management & QHSE' current_suborg_id=77 -- Word lists this exact name+designation at 2 different stations (Continuum Power Trading Private Limited, Srijan Energy Systems Private Limited); can't determine which one this row means"
employees,Manual review required,"employee_id=382 name='Dhananjay Joshi' designation='VP-Asset management & QHSE' current_suborg_id=None -- Word lists this exact name+designation at 2 different stations (Continuum Power Trading Private Limited, Srijan Energy Systems Private Limited); can't determine which one this row means"
employees,Corrected suborg_id (Word-verified),"employee_id=48 name='Dhurandhar Fulendra' designation='Head Khopoli' old_suborg_id=23 new_suborg_id=22 station='Mini Hydro' reason='Word directory uniquely and exactly places this person at this station, which differs from the suborg_id previously stored'"
employees,Manual review required,"employee_id=590 name='Dileep Singh' designation='Senior Manager, BD & power sales' current_suborg_id=None -- Word lists this exact name+designation at 2 different stations (Jhabua Power Limited, Jindal Power Limited); can't determine which one this row means"
employees,Manual review required,"employee_id=597 name='Dileep Singh' designation='Senior Manager, BD & power sales' current_suborg_id=None -- Word lists this exact name+designation at 2 different stations (Jhabua Power Limited, Jindal Power Limited); can't determine which one this row means"
employees,Manual review required,"employee_id=186 name='Dilesh Solanki' designation='Assistant Engineer (TR & SLDC)' current_suborg_id=None -- Word shows this role at station 'Daman and Diu', which has no exact match in sub_organizations"
employees,Manual review required,"employee_id=89 name='Dinesh Agrawal' designation='CE PP' current_suborg_id=37 -- Word shows this role at station 'Maharashtra State Load Despatch Centre', which has no exact match in sub_organizations"
employees,Manual review required,"employee_id=70 name='Dinesh Waghmare' designation='Principal Secretary (Energy) GoM' current_suborg_id=37 -- Word shows this role at station 'Maharashtra State Load Despatch Centre', which has no exact match in sub_organizations"
employees,Manual review required,"employee_id=114 name='Firoj Kumar Meshram' designation='CGM (PM)' current_suborg_id=None -- Word shows this role at station 'Madhya Pradesh State Load Despatch Centre', which has no exact match in sub_organizations"
employees,Manual review required,"employee_id=106 name='G J Mistry' designation='DE (MIS)' current_suborg_id=None -- Word shows this role at station 'Gujarat State Load Despatch Centre', which has no exact match in sub_organizations"
employees,Manual review required,"employee_id=513 name='Ganesh Jagtap' designation='Sr. Manager' current_suborg_id=None -- Word shows this role at station 'Qualified Coordinating Agency', which has no exact match in sub_organizations"
employees,Manual review required,"employee_id=161 name='Gaurav Naik' designation='JE, Tivim S/S' current_suborg_id=None -- Word shows this role at station 'Goa Electricity Department', which has no exact match in sub_organizations"
employees,Manual review required,"employee_id=119 name='Girish Kumar Dixit' designation='Superintending Engineer (GCC)' current_suborg_id=None -- Word shows this role at station 'Madhya Pradesh State Load Despatch Centre', which has no exact match in sub_organizations"
employees,Manual review required,"employee_id=75 name='Girish Pantoji' designation='SE (OP)' current_suborg_id=35 -- Word lists this exact name+designation at 2 different stations (Maharashtra State Load Despatch Centre, Synopsis of Important Telephone Numbers); can't determine which one this row means"
employees,Manual review required,"employee_id=444 name='Gusai Dipakgar Govindgar' designation='2nd In-charge' current_suborg_id=116 -- Word lists this exact name+designation at 7 different stations (Adani Green Energy Twenty Four A Limited -PSS3, Adani Green Energy Twenty Six A Limited -PSS3, Adani Hazira Port Limited-PSS3, Adani Ports and Special Economic Zone Limited -PSS3, Adani Renewable Energy Fifty Five Limited - PSS3, Adani Renewable Energy Forty One Limited - PSS3, Ambuja Cements Limited-PSS-3); can't determine which one this row means"
employees,Manual review required,"employee_id=456 name='Gusai Dipakgar Govindgar' designation='2nd In-charge' current_suborg_id=120 -- Word lists this exact name+designation at 7 different stations (Adani Green Energy Twenty Four A Limited -PSS3, Adani Green Energy Twenty Six A Limited -PSS3, Adani Hazira Port Limited-PSS3, Adani Ports and Special Economic Zone Limited -PSS3, Adani Renewable Energy Fifty Five Limited - PSS3, Adani Renewable Energy Forty One Limited - PSS3, Ambuja Cements Limited-PSS-3); can't determine which one this row means"
employees,Manual review required,"employee_id=459 name='Gusai Dipakgar Govindgar' designation='2nd In-charge' current_suborg_id=121 -- Word lists this exact name+designation at 7 different stations (Adani Green Energy Twenty Four A Limited -PSS3, Adani Green Energy Twenty Six A Limited -PSS3, Adani Hazira Port Limited-PSS3, Adani Ports and Special Economic Zone Limited -PSS3, Adani Renewable Energy Fifty Five Limited - PSS3, Adani Renewable Energy Forty One Limited - PSS3, Ambuja Cements Limited-PSS-3); can't determine which one this row means"
employees,Manual review required,"employee_id=471 name='Gusai Dipakgar Govindgar' designation='2nd In-charge' current_suborg_id=None -- Word lists this exact name+designation at 7 different stations (Adani Green Energy Twenty Four A Limited -PSS3, Adani Green Energy Twenty Six A Limited -PSS3, Adani Hazira Port Limited-PSS3, Adani Ports and Special Economic Zone Limited -PSS3, Adani Renewable Energy Fifty Five Limited - PSS3, Adani Renewable Energy Forty One Limited - PSS3, Ambuja Cements Limited-PSS-3); can't determine which one this row means"
employees,Manual review required,"employee_id=474 name='Gusai Dipakgar Govindgar' designation='2nd In-charge' current_suborg_id=None -- Word lists this exact name+designation at 7 different stations (Adani Green Energy Twenty Four A Limited -PSS3, Adani Green Energy Twenty Six A Limited -PSS3, Adani Hazira Port Limited-PSS3, Adani Ports and Special Economic Zone Limited -PSS3, Adani Renewable Energy Fifty Five Limited - PSS3, Adani Renewable Energy Forty One Limited - PSS3, Ambuja Cements Limited-PSS-3); can't determine which one this row means"
employees,Manual review required,"employee_id=486 name='Gusai Dipakgar Govindgar' designation='2nd In-charge' current_suborg_id=None -- Word lists this exact name+designation at 7 different stations (Adani Green Energy Twenty Four A Limited -PSS3, Adani Green Energy Twenty Six A Limited -PSS3, Adani Hazira Port Limited-PSS3, Adani Ports and Special Economic Zone Limited -PSS3, Adani Renewable Energy Fifty Five Limited - PSS3, Adani Renewable Energy Forty One Limited - PSS3, Ambuja Cements Limited-PSS-3); can't determine which one this row means"
employees,Manual review required,"employee_id=507 name='Gusai Dipakgar Govindgar' designation='2nd In-charge' current_suborg_id=None -- Word lists this exact name+designation at 7 different stations (Adani Green Energy Twenty Four A Limited -PSS3, Adani Green Energy Twenty Six A Limited -PSS3, Adani Hazira Port Limited-PSS3, Adani Ports and Special Economic Zone Limited -PSS3, Adani Renewable Energy Fifty Five Limited - PSS3, Adani Renewable Energy Forty One Limited - PSS3, Ambuja Cements Limited-PSS-3); can't determine which one this row means"
employees,Manual review required,"employee_id=191 name='H. M PATEL' designation='Executive Engineer-(Trans.), DNH' current_suborg_id=None -- Word shows this role at station 'Dadra and Nagar Haveli', which has no exact match in sub_organizations"
employees,Manual review required,"employee_id=285 name='Hasmukh Prajapati' designation='Site Engineer' current_suborg_id=68 -- Word lists this exact name+designation at 3 different stations (Adani Wind Energy Kutch Five Limited, Adani Wind Energy Kutch One Limited/ AWEKTL/ AWEKFL, Adani Wind Energy Kutch Three Limited); can't determine which one this row means"
employees,Manual review required,"employee_id=358 name='Hasmukh Prajapati' designation='Site Engineer' current_suborg_id=84 -- Word lists this exact name+designation at 3 different stations (Adani Wind Energy Kutch Five Limited, Adani Wind Energy Kutch One Limited/ AWEKTL/ AWEKFL, Adani Wind Energy Kutch Three Limited); can't determine which one this row means"
employees,Manual review required,"employee_id=363 name='Hasmukh Prajapati' designation='Site Engineer' current_suborg_id=85 -- Word lists this exact name+designation at 3 different stations (Adani Wind Energy Kutch Five Limited, Adani Wind Energy Kutch One Limited/ AWEKTL/ AWEKFL, Adani Wind Energy Kutch Three Limited); can't determine which one this row means"
employees,Manual review required,"employee_id=664 name='Hemant Pandey' designation='E.E. (EMC)' current_suborg_id=None -- Word shows this role at station 'SSP', which has no exact match in sub_organizations"
employees,Manual review required,"employee_id=309 name='Hiren pathak' designation='Manager- Asset management' current_suborg_id=73 -- Word lists this exact name+designation at 3 different stations (Ostro Kutch Wind Private Limited, ReNew Power Limited, ReNew Wind Energy (AP2) Private Limited); can't determine which one this row means"
employees,Manual review required,"employee_id=314 name='Hiren pathak' designation='Manager- Asset management' current_suborg_id=74 -- Word lists this exact name+designation at 3 different stations (Ostro Kutch Wind Private Limited, ReNew Power Limited, ReNew Wind Energy (AP2) Private Limited); can't determine which one this row means"
employees,Manual review required,"employee_id=324 name='Hiren pathak' designation='Manager- Asset management' current_suborg_id=76 -- Word lists this exact name+designation at 3 different stations (Ostro Kutch Wind Private Limited, ReNew Power Limited, ReNew Wind Energy (AP2) Private Limited); can't determine which one this row means"
employees,Manual review required,"employee_id=155 name='Jack Fernandes' designation='AE (SLDC)' current_suborg_id=None -- Word shows this role at station 'Goa Electricity Department', which has no exact match in sub_organizations"
employees,Manual review required,"employee_id=116 name='Jaswant Singh Pasricha' designation='Senior DGM (PM)' current_suborg_id=None -- Word shows this role at station 'Madhya Pradesh State Load Despatch Centre', which has no exact match in sub_organizations"
employees,Manual review required,"employee_id=187 name='Jay Solanki' designation='Junior Engineer (TR & SLDC)' current_suborg_id=None -- Word shows this role at station 'Daman and Diu', which has no exact match in sub_organizations"
employees,Manual review required,"employee_id=318 name='Jitendra Prajapati' designation='Asset Manager' current_suborg_id=None -- Word lists this exact name+designation at 2 different stations (Alfanar Energy Private Limited, Alfanar Netra Wind Private Limited); can't determine which one this row means"
employees,Manual review required,"employee_id=404 name='Jitendra Prajapati' designation='Asset Manager' current_suborg_id=95 -- Word lists this exact name+designation at 2 different stations (Alfanar Energy Private Limited, Alfanar Netra Wind Private Limited); can't determine which one this row means"
employees,Manual review required,"employee_id=443 name='Jitendra Ranawat' designation='Head of the Station' current_suborg_id=116 -- Word lists this exact name+designation at 22 different stations (Adani Green Energy Twenty Five A Limited -PSS3, Adani Green Energy Twenty Five B Limited -PSS3, Adani Green Energy Twenty Four A Limited -PSS3, Adani Green Energy Twenty Four Limited – PSS-4, Adani Green Energy Twenty Six A Limited -PSS3, Adani Green Energy Twenty Six B Limited -PSS3, Adani Hazira Port Limited-PSS3, Adani Hybrid Energy Jaisalmer Five Limited -PSS4, Adani Ports and Special Economic Zone Limited -PSS3, Adani Ports and Special Economic Zone Limited -PSS4, Adani Renewable Energy Fifty Five Limited - PSS3, Adani Renewable Energy Fifty Seven Limited PSS-13, Adani Renewable Energy Fifty Six Limited – PSS4, Adani Renewable Energy Fifty Six Limited – PSS9, Adani Renewable Energy Forty Eight Limited-PSS9, Adani Renewable Energy Forty One Limited - PSS3, Adani Renewable Energy Forty One Limited PSS-13, Adani Renewable Energy Forty One Limited – PSS4, Adani Renewable Energy Holding Four Limited-PSS1, Adani Solar Energy Jodhpur Six Private Limited- PSS9, Ambuja Cements Limited -PSS-4, Ambuja Cements Limited-PSS-3); can't determine which one this row means"
employees,Manual review required,"employee_id=446 name='Jitendra Ranawat' designation='Head of the Station' current_suborg_id=117 -- Word lists this exact name+designation at 22 different stations (Adani Green Energy Twenty Five A Limited -PSS3, Adani Green Energy Twenty Five B Limited -PSS3, Adani Green Energy Twenty Four A Limited -PSS3, Adani Green Energy Twenty Four Limited – PSS-4, Adani Green Energy Twenty Six A Limited -PSS3, Adani Green Energy Twenty Six B Limited -PSS3, Adani Hazira Port Limited-PSS3, Adani Hybrid Energy Jaisalmer Five Limited -PSS4, Adani Ports and Special Economic Zone Limited -PSS3, Adani Ports and Special Economic Zone Limited -PSS4, Adani Renewable Energy Fifty Five Limited - PSS3, Adani Renewable Energy Fifty Seven Limited PSS-13, Adani Renewable Energy Fifty Six Limited – PSS4, Adani Renewable Energy Fifty Six Limited – PSS9, Adani Renewable Energy Forty Eight Limited-PSS9, Adani Renewable Energy Forty One Limited - PSS3, Adani Renewable Energy Forty One Limited PSS-13, Adani Renewable Energy Forty One Limited – PSS4, Adani Renewable Energy Holding Four Limited-PSS1, Adani Solar Energy Jodhpur Six Private Limited- PSS9, Ambuja Cements Limited -PSS-4, Ambuja Cements Limited-PSS-3); can't determine which one this row means"
employees,Manual review required,"employee_id=449 name='Jitendra Ranawat' designation='Head of the Station' current_suborg_id=118 -- Word lists this exact name+designation at 22 different stations (Adani Green Energy Twenty Five A Limited -PSS3, Adani Green Energy Twenty Five B Limited -PSS3, Adani Green Energy Twenty Four A Limited -PSS3, Adani Green Energy Twenty Four Limited – PSS-4, Adani Green Energy Twenty Six A Limited -PSS3, Adani Green Energy Twenty Six B Limited -PSS3, Adani Hazira Port Limited-PSS3, Adani Hybrid Energy Jaisalmer Five Limited -PSS4, Adani Ports and Special Economic Zone Limited -PSS3, Adani Ports and Special Economic Zone Limited -PSS4, Adani Renewable Energy Fifty Five Limited - PSS3, Adani Renewable Energy Fifty Seven Limited PSS-13, Adani Renewable Energy Fifty Six Limited – PSS4, Adani Renewable Energy Fifty Six Limited – PSS9, Adani Renewable Energy Forty Eight Limited-PSS9, Adani Renewable Energy Forty One Limited - PSS3, Adani Renewable Energy Forty One Limited PSS-13, Adani Renewable Energy Forty One Limited – PSS4, Adani Renewable Energy Holding Four Limited-PSS1, Adani Solar Energy Jodhpur Six Private Limited- PSS9, Ambuja Cements Limited -PSS-4, Ambuja Cements Limited-PSS-3); can't determine which one this row means"
employees,Manual review required,"employee_id=452 name='Jitendra Ranawat' designation='Head of the Station' current_suborg_id=119 -- Word lists this exact name+designation at 22 different stations (Adani Green Energy Twenty Five A Limited -PSS3, Adani Green Energy Twenty Five B Limited -PSS3, Adani Green Energy Twenty Four A Limited -PSS3, Adani Green Energy Twenty Four Limited – PSS-4, Adani Green Energy Twenty Six A Limited -PSS3, Adani Green Energy Twenty Six B Limited -PSS3, Adani Hazira Port Limited-PSS3, Adani Hybrid Energy Jaisalmer Five Limited -PSS4, Adani Ports and Special Economic Zone Limited -PSS3, Adani Ports and Special Economic Zone Limited -PSS4, Adani Renewable Energy Fifty Five Limited - PSS3, Adani Renewable Energy Fifty Seven Limited PSS-13, Adani Renewable Energy Fifty Six Limited – PSS4, Adani Renewable Energy Fifty Six Limited – PSS9, Adani Renewable Energy Forty Eight Limited-PSS9, Adani Renewable Energy Forty One Limited - PSS3, Adani Renewable Energy Forty One Limited PSS-13, Adani Renewable Energy Forty One Limited – PSS4, Adani Renewable Energy Holding Four Limited-PSS1, Adani Solar Energy Jodhpur Six Private Limited- PSS9, Ambuja Cements Limited -PSS-4, Ambuja Cements Limited-PSS-3); can't determine which one this row means"
employees,Manual review required,"employee_id=455 name='Jitendra Ranawat' designation='Head of the Station' current_suborg_id=120 -- Word lists this exact name+designation at 22 different stations (Adani Green Energy Twenty Five A Limited -PSS3, Adani Green Energy Twenty Five B Limited -PSS3, Adani Green Energy Twenty Four A Limited -PSS3, Adani Green Energy Twenty Four Limited – PSS-4, Adani Green Energy Twenty Six A Limited -PSS3, Adani Green Energy Twenty Six B Limited -PSS3, Adani Hazira Port Limited-PSS3, Adani Hybrid Energy Jaisalmer Five Limited -PSS4, Adani Ports and Special Economic Zone Limited -PSS3, Adani Ports and Special Economic Zone Limited -PSS4, Adani Renewable Energy Fifty Five Limited - PSS3, Adani Renewable Energy Fifty Seven Limited PSS-13, Adani Renewable Energy Fifty Six Limited – PSS4, Adani Renewable Energy Fifty Six Limited – PSS9, Adani Renewable Energy Forty Eight Limited-PSS9, Adani Renewable Energy Forty One Limited - PSS3, Adani Renewable Energy Forty One Limited PSS-13, Adani Renewable Energy Forty One Limited – PSS4, Adani Renewable Energy Holding Four Limited-PSS1, Adani Solar Energy Jodhpur Six Private Limited- PSS9, Ambuja Cements Limited -PSS-4, Ambuja Cements Limited-PSS-3); can't determine which one this row means"
employees,Manual review required,"employee_id=458 name='Jitendra Ranawat' designation='Head of the Station' current_suborg_id=121 -- Word lists this exact name+designation at 22 different stations (Adani Green Energy Twenty Five A Limited -PSS3, Adani Green Energy Twenty Five B Limited -PSS3, Adani Green Energy Twenty Four A Limited -PSS3, Adani Green Energy Twenty Four Limited – PSS-4, Adani Green Energy Twenty Six A Limited -PSS3, Adani Green Energy Twenty Six B Limited -PSS3, Adani Hazira Port Limited-PSS3, Adani Hybrid Energy Jaisalmer Five Limited -PSS4, Adani Ports and Special Economic Zone Limited -PSS3, Adani Ports and Special Economic Zone Limited -PSS4, Adani Renewable Energy Fifty Five Limited - PSS3, Adani Renewable Energy Fifty Seven Limited PSS-13, Adani Renewable Energy Fifty Six Limited – PSS4, Adani Renewable Energy Fifty Six Limited – PSS9, Adani Renewable Energy Forty Eight Limited-PSS9, Adani Renewable Energy Forty One Limited - PSS3, Adani Renewable Energy Forty One Limited PSS-13, Adani Renewable Energy Forty One Limited – PSS4, Adani Renewable Energy Holding Four Limited-PSS1, Adani Solar Energy Jodhpur Six Private Limited- PSS9, Ambuja Cements Limited -PSS-4, Ambuja Cements Limited-PSS-3); can't determine which one this row means"
employees,Manual review required,"employee_id=461 name='Jitendra Ranawat' designation='Head of the Station' current_suborg_id=122 -- Word lists this exact name+designation at 22 different stations (Adani Green Energy Twenty Five A Limited -PSS3, Adani Green Energy Twenty Five B Limited -PSS3, Adani Green Energy Twenty Four A Limited -PSS3, Adani Green Energy Twenty Four Limited – PSS-4, Adani Green Energy Twenty Six A Limited -PSS3, Adani Green Energy Twenty Six B Limited -PSS3, Adani Hazira Port Limited-PSS3, Adani Hybrid Energy Jaisalmer Five Limited -PSS4, Adani Ports and Special Economic Zone Limited -PSS3, Adani Ports and Special Economic Zone Limited -PSS4, Adani Renewable Energy Fifty Five Limited - PSS3, Adani Renewable Energy Fifty Seven Limited PSS-13, Adani Renewable Energy Fifty Six Limited – PSS4, Adani Renewable Energy Fifty Six Limited – PSS9, Adani Renewable Energy Forty Eight Limited-PSS9, Adani Renewable Energy Forty One Limited - PSS3, Adani Renewable Energy Forty One Limited PSS-13, Adani Renewable Energy Forty One Limited – PSS4, Adani Renewable Energy Holding Four Limited-PSS1, Adani Solar Energy Jodhpur Six Private Limited- PSS9, Ambuja Cements Limited -PSS-4, Ambuja Cements Limited-PSS-3); can't determine which one this row means"
employees,Manual review required,"employee_id=464 name='Jitendra Ranawat' designation='Head of the Station' current_suborg_id=123 -- Word lists this exact name+designation at 22 different stations (Adani Green Energy Twenty Five A Limited -PSS3, Adani Green Energy Twenty Five B Limited -PSS3, Adani Green Energy Twenty Four A Limited -PSS3, Adani Green Energy Twenty Four Limited – PSS-4, Adani Green Energy Twenty Six A Limited -PSS3, Adani Green Energy Twenty Six B Limited -PSS3, Adani Hazira Port Limited-PSS3, Adani Hybrid Energy Jaisalmer Five Limited -PSS4, Adani Ports and Special Economic Zone Limited -PSS3, Adani Ports and Special Economic Zone Limited -PSS4, Adani Renewable Energy Fifty Five Limited - PSS3, Adani Renewable Energy Fifty Seven Limited PSS-13, Adani Renewable Energy Fifty Six Limited – PSS4, Adani Renewable Energy Fifty Six Limited – PSS9, Adani Renewable Energy Forty Eight Limited-PSS9, Adani Renewable Energy Forty One Limited - PSS3, Adani Renewable Energy Forty One Limited PSS-13, Adani Renewable Energy Forty One Limited – PSS4, Adani Renewable Energy Holding Four Limited-PSS1, Adani Solar Energy Jodhpur Six Private Limited- PSS9, Ambuja Cements Limited -PSS-4, Ambuja Cements Limited-PSS-3); can't determine which one this row means"
employees,Manual review required,"employee_id=467 name='Jitendra Ranawat' designation='Head of the Station' current_suborg_id=124 -- Word lists this exact name+designation at 22 different stations (Adani Green Energy Twenty Five A Limited -PSS3, Adani Green Energy Twenty Five B Limited -PSS3, Adani Green Energy Twenty Four A Limited -PSS3, Adani Green Energy Twenty Four Limited – PSS-4, Adani Green Energy Twenty Six A Limited -PSS3, Adani Green Energy Twenty Six B Limited -PSS3, Adani Hazira Port Limited-PSS3, Adani Hybrid Energy Jaisalmer Five Limited -PSS4, Adani Ports and Special Economic Zone Limited -PSS3, Adani Ports and Special Economic Zone Limited -PSS4, Adani Renewable Energy Fifty Five Limited - PSS3, Adani Renewable Energy Fifty Seven Limited PSS-13, Adani Renewable Energy Fifty Six Limited – PSS4, Adani Renewable Energy Fifty Six Limited – PSS9, Adani Renewable Energy Forty Eight Limited-PSS9, Adani Renewable Energy Forty One Limited - PSS3, Adani Renewable Energy Forty One Limited PSS-13, Adani Renewable Energy Forty One Limited – PSS4, Adani Renewable Energy Holding Four Limited-PSS1, Adani Solar Energy Jodhpur Six Private Limited- PSS9, Ambuja Cements Limited -PSS-4, Ambuja Cements Limited-PSS-3); can't determine which one this row means"
employees,Manual review required,"employee_id=470 name='Jitendra Ranawat' designation='Head of the Station' current_suborg_id=None -- Word lists this exact name+designation at 22 different stations (Adani Green Energy Twenty Five A Limited -PSS3, Adani Green Energy Twenty Five B Limited -PSS3, Adani Green Energy Twenty Four A Limited -PSS3, Adani Green Energy Twenty Four Limited – PSS-4, Adani Green Energy Twenty Six A Limited -PSS3, Adani Green Energy Twenty Six B Limited -PSS3, Adani Hazira Port Limited-PSS3, Adani Hybrid Energy Jaisalmer Five Limited -PSS4, Adani Ports and Special Economic Zone Limited -PSS3, Adani Ports and Special Economic Zone Limited -PSS4, Adani Renewable Energy Fifty Five Limited - PSS3, Adani Renewable Energy Fifty Seven Limited PSS-13, Adani Renewable Energy Fifty Six Limited – PSS4, Adani Renewable Energy Fifty Six Limited – PSS9, Adani Renewable Energy Forty Eight Limited-PSS9, Adani Renewable Energy Forty One Limited - PSS3, Adani Renewable Energy Forty One Limited PSS-13, Adani Renewable Energy Forty One Limited – PSS4, Adani Renewable Energy Holding Four Limited-PSS1, Adani Solar Energy Jodhpur Six Private Limited- PSS9, Ambuja Cements Limited -PSS-4, Ambuja Cements Limited-PSS-3); can't determine which one this row means"
employees,Manual review required,"employee_id=473 name='Jitendra Ranawat' designation='Head of the Station' current_suborg_id=None -- Word lists this exact name+designation at 22 different stations (Adani Green Energy Twenty Five A Limited -PSS3, Adani Green Energy Twenty Five B Limited -PSS3, Adani Green Energy Twenty Four A Limited -PSS3, Adani Green Energy Twenty Four Limited – PSS-4, Adani Green Energy Twenty Six A Limited -PSS3, Adani Green Energy Twenty Six B Limited -PSS3, Adani Hazira Port Limited-PSS3, Adani Hybrid Energy Jaisalmer Five Limited -PSS4, Adani Ports and Special Economic Zone Limited -PSS3, Adani Ports and Special Economic Zone Limited -PSS4, Adani Renewable Energy Fifty Five Limited - PSS3, Adani Renewable Energy Fifty Seven Limited PSS-13, Adani Renewable Energy Fifty Six Limited – PSS4, Adani Renewable Energy Fifty Six Limited – PSS9, Adani Renewable Energy Forty Eight Limited-PSS9, Adani Renewable Energy Forty One Limited - PSS3, Adani Renewable Energy Forty One Limited PSS-13, Adani Renewable Energy Forty One Limited – PSS4, Adani Renewable Energy Holding Four Limited-PSS1, Adani Solar Energy Jodhpur Six Private Limited- PSS9, Ambuja Cements Limited -PSS-4, Ambuja Cements Limited-PSS-3); can't determine which one this row means"
employees,Manual review required,"employee_id=476 name='Jitendra Ranawat' designation='Head of the Station' current_suborg_id=None -- Word lists this exact name+designation at 22 different stations (Adani Green Energy Twenty Five A Limited -PSS3, Adani Green Energy Twenty Five B Limited -PSS3, Adani Green Energy Twenty Four A Limited -PSS3, Adani Green Energy Twenty Four Limited – PSS-4, Adani Green Energy Twenty Six A Limited -PSS3, Adani Green Energy Twenty Six B Limited -PSS3, Adani Hazira Port Limited-PSS3, Adani Hybrid Energy Jaisalmer Five Limited -PSS4, Adani Ports and Special Economic Zone Limited -PSS3, Adani Ports and Special Economic Zone Limited -PSS4, Adani Renewable Energy Fifty Five Limited - PSS3, Adani Renewable Energy Fifty Seven Limited PSS-13, Adani Renewable Energy Fifty Six Limited – PSS4, Adani Renewable Energy Fifty Six Limited – PSS9, Adani Renewable Energy Forty Eight Limited-PSS9, Adani Renewable Energy Forty One Limited - PSS3, Adani Renewable Energy Forty One Limited PSS-13, Adani Renewable Energy Forty One Limited – PSS4, Adani Renewable Energy Holding Four Limited-PSS1, Adani Solar Energy Jodhpur Six Private Limited- PSS9, Ambuja Cements Limited -PSS-4, Ambuja Cements Limited-PSS-3); can't determine which one this row means"
employees,Manual review required,"employee_id=479 name='Jitendra Ranawat' designation='Head of the Station' current_suborg_id=None -- Word lists this exact name+designation at 22 different stations (Adani Green Energy Twenty Five A Limited -PSS3, Adani Green Energy Twenty Five B Limited -PSS3, Adani Green Energy Twenty Four A Limited -PSS3, Adani Green Energy Twenty Four Limited – PSS-4, Adani Green Energy Twenty Six A Limited -PSS3, Adani Green Energy Twenty Six B Limited -PSS3, Adani Hazira Port Limited-PSS3, Adani Hybrid Energy Jaisalmer Five Limited -PSS4, Adani Ports and Special Economic Zone Limited -PSS3, Adani Ports and Special Economic Zone Limited -PSS4, Adani Renewable Energy Fifty Five Limited - PSS3, Adani Renewable Energy Fifty Seven Limited PSS-13, Adani Renewable Energy Fifty Six Limited – PSS4, Adani Renewable Energy Fifty Six Limited – PSS9, Adani Renewable Energy Forty Eight Limited-PSS9, Adani Renewable Energy Forty One Limited - PSS3, Adani Renewable Energy Forty One Limited PSS-13, Adani Renewable Energy Forty One Limited – PSS4, Adani Renewable Energy Holding Four Limited-PSS1, Adani Solar Energy Jodhpur Six Private Limited- PSS9, Ambuja Cements Limited -PSS-4, Ambuja Cements Limited-PSS-3); can't determine which one this row means"
employees,Manual review required,"employee_id=482 name='Jitendra Ranawat' designation='Head of the Station' current_suborg_id=None -- Word lists this exact name+designation at 22 different stations (Adani Green Energy Twenty Five A Limited -PSS3, Adani Green Energy Twenty Five B Limited -PSS3, Adani Green Energy Twenty Four A Limited -PSS3, Adani Green Energy Twenty Four Limited – PSS-4, Adani Green Energy Twenty Six A Limited -PSS3, Adani Green Energy Twenty Six B Limited -PSS3, Adani Hazira Port Limited-PSS3, Adani Hybrid Energy Jaisalmer Five Limited -PSS4, Adani Ports and Special Economic Zone Limited -PSS3, Adani Ports and Special Economic Zone Limited -PSS4, Adani Renewable Energy Fifty Five Limited - PSS3, Adani Renewable Energy Fifty Seven Limited PSS-13, Adani Renewable Energy Fifty Six Limited – PSS4, Adani Renewable Energy Fifty Six Limited – PSS9, Adani Renewable Energy Forty Eight Limited-PSS9, Adani Renewable Energy Forty One Limited - PSS3, Adani Renewable Energy Forty One Limited PSS-13, Adani Renewable Energy Forty One Limited – PSS4, Adani Renewable Energy Holding Four Limited-PSS1, Adani Solar Energy Jodhpur Six Private Limited- PSS9, Ambuja Cements Limited -PSS-4, Ambuja Cements Limited-PSS-3); can't determine which one this row means"
employees,Manual review required,"employee_id=485 name='Jitendra Ranawat' designation='Head of the Station' current_suborg_id=None -- Word lists this exact name+designation at 22 different stations (Adani Green Energy Twenty Five A Limited -PSS3, Adani Green Energy Twenty Five B Limited -PSS3, Adani Green Energy Twenty Four A Limited -PSS3, Adani Green Energy Twenty Four Limited – PSS-4, Adani Green Energy Twenty Six A Limited -PSS3, Adani Green Energy Twenty Six B Limited -PSS3, Adani Hazira Port Limited-PSS3, Adani Hybrid Energy Jaisalmer Five Limited -PSS4, Adani Ports and Special Economic Zone Limited -PSS3, Adani Ports and Special Economic Zone Limited -PSS4, Adani Renewable Energy Fifty Five Limited - PSS3, Adani Renewable Energy Fifty Seven Limited PSS-13, Adani Renewable Energy Fifty Six Limited – PSS4, Adani Renewable Energy Fifty Six Limited – PSS9, Adani Renewable Energy Forty Eight Limited-PSS9, Adani Renewable Energy Forty One Limited - PSS3, Adani Renewable Energy Forty One Limited PSS-13, Adani Renewable Energy Forty One Limited – PSS4, Adani Renewable Energy Holding Four Limited-PSS1, Adani Solar Energy Jodhpur Six Private Limited- PSS9, Ambuja Cements Limited -PSS-4, Ambuja Cements Limited-PSS-3); can't determine which one this row means"
employees,Manual review required,"employee_id=488 name='Jitendra Ranawat' designation='Head of the Station' current_suborg_id=None -- Word lists this exact name+designation at 22 different stations (Adani Green Energy Twenty Five A Limited -PSS3, Adani Green Energy Twenty Five B Limited -PSS3, Adani Green Energy Twenty Four A Limited -PSS3, Adani Green Energy Twenty Four Limited – PSS-4, Adani Green Energy Twenty Six A Limited -PSS3, Adani Green Energy Twenty Six B Limited -PSS3, Adani Hazira Port Limited-PSS3, Adani Hybrid Energy Jaisalmer Five Limited -PSS4, Adani Ports and Special Economic Zone Limited -PSS3, Adani Ports and Special Economic Zone Limited -PSS4, Adani Renewable Energy Fifty Five Limited - PSS3, Adani Renewable Energy Fifty Seven Limited PSS-13, Adani Renewable Energy Fifty Six Limited – PSS4, Adani Renewable Energy Fifty Six Limited – PSS9, Adani Renewable Energy Forty Eight Limited-PSS9, Adani Renewable Energy Forty One Limited - PSS3, Adani Renewable Energy Forty One Limited PSS-13, Adani Renewable Energy Forty One Limited – PSS4, Adani Renewable Energy Holding Four Limited-PSS1, Adani Solar Energy Jodhpur Six Private Limited- PSS9, Ambuja Cements Limited -PSS-4, Ambuja Cements Limited-PSS-3); can't determine which one this row means"
employees,Manual review required,"employee_id=491 name='Jitendra Ranawat' designation='Head of the Station' current_suborg_id=None -- Word lists this exact name+designation at 22 different stations (Adani Green Energy Twenty Five A Limited -PSS3, Adani Green Energy Twenty Five B Limited -PSS3, Adani Green Energy Twenty Four A Limited -PSS3, Adani Green Energy Twenty Four Limited – PSS-4, Adani Green Energy Twenty Six A Limited -PSS3, Adani Green Energy Twenty Six B Limited -PSS3, Adani Hazira Port Limited-PSS3, Adani Hybrid Energy Jaisalmer Five Limited -PSS4, Adani Ports and Special Economic Zone Limited -PSS3, Adani Ports and Special Economic Zone Limited -PSS4, Adani Renewable Energy Fifty Five Limited - PSS3, Adani Renewable Energy Fifty Seven Limited PSS-13, Adani Renewable Energy Fifty Six Limited – PSS4, Adani Renewable Energy Fifty Six Limited – PSS9, Adani Renewable Energy Forty Eight Limited-PSS9, Adani Renewable Energy Forty One Limited - PSS3, Adani Renewable Energy Forty One Limited PSS-13, Adani Renewable Energy Forty One Limited – PSS4, Adani Renewable Energy Holding Four Limited-PSS1, Adani Solar Energy Jodhpur Six Private Limited- PSS9, Ambuja Cements Limited -PSS-4, Ambuja Cements Limited-PSS-3); can't determine which one this row means"
employees,Manual review required,"employee_id=494 name='Jitendra Ranawat' designation='Head of the Station' current_suborg_id=None -- Word lists this exact name+designation at 22 different stations (Adani Green Energy Twenty Five A Limited -PSS3, Adani Green Energy Twenty Five B Limited -PSS3, Adani Green Energy Twenty Four A Limited -PSS3, Adani Green Energy Twenty Four Limited – PSS-4, Adani Green Energy Twenty Six A Limited -PSS3, Adani Green Energy Twenty Six B Limited -PSS3, Adani Hazira Port Limited-PSS3, Adani Hybrid Energy Jaisalmer Five Limited -PSS4, Adani Ports and Special Economic Zone Limited -PSS3, Adani Ports and Special Economic Zone Limited -PSS4, Adani Renewable Energy Fifty Five Limited - PSS3, Adani Renewable Energy Fifty Seven Limited PSS-13, Adani Renewable Energy Fifty Six Limited – PSS4, Adani Renewable Energy Fifty Six Limited – PSS9, Adani Renewable Energy Forty Eight Limited-PSS9, Adani Renewable Energy Forty One Limited - PSS3, Adani Renewable Energy Forty One Limited PSS-13, Adani Renewable Energy Forty One Limited – PSS4, Adani Renewable Energy Holding Four Limited-PSS1, Adani Solar Energy Jodhpur Six Private Limited- PSS9, Ambuja Cements Limited -PSS-4, Ambuja Cements Limited-PSS-3); can't determine which one this row means"
employees,Manual review required,"employee_id=497 name='Jitendra Ranawat' designation='Head of the Station' current_suborg_id=None -- Word lists this exact name+designation at 22 different stations (Adani Green Energy Twenty Five A Limited -PSS3, Adani Green Energy Twenty Five B Limited -PSS3, Adani Green Energy Twenty Four A Limited -PSS3, Adani Green Energy Twenty Four Limited – PSS-4, Adani Green Energy Twenty Six A Limited -PSS3, Adani Green Energy Twenty Six B Limited -PSS3, Adani Hazira Port Limited-PSS3, Adani Hybrid Energy Jaisalmer Five Limited -PSS4, Adani Ports and Special Economic Zone Limited -PSS3, Adani Ports and Special Economic Zone Limited -PSS4, Adani Renewable Energy Fifty Five Limited - PSS3, Adani Renewable Energy Fifty Seven Limited PSS-13, Adani Renewable Energy Fifty Six Limited – PSS4, Adani Renewable Energy Fifty Six Limited – PSS9, Adani Renewable Energy Forty Eight Limited-PSS9, Adani Renewable Energy Forty One Limited - PSS3, Adani Renewable Energy Forty One Limited PSS-13, Adani Renewable Energy Forty One Limited – PSS4, Adani Renewable Energy Holding Four Limited-PSS1, Adani Solar Energy Jodhpur Six Private Limited- PSS9, Ambuja Cements Limited -PSS-4, Ambuja Cements Limited-PSS-3); can't determine which one this row means"
employees,Manual review required,"employee_id=500 name='Jitendra Ranawat' designation='Head of the Station' current_suborg_id=None -- Word lists this exact name+designation at 22 different stations (Adani Green Energy Twenty Five A Limited -PSS3, Adani Green Energy Twenty Five B Limited -PSS3, Adani Green Energy Twenty Four A Limited -PSS3, Adani Green Energy Twenty Four Limited – PSS-4, Adani Green Energy Twenty Six A Limited -PSS3, Adani Green Energy Twenty Six B Limited -PSS3, Adani Hazira Port Limited-PSS3, Adani Hybrid Energy Jaisalmer Five Limited -PSS4, Adani Ports and Special Economic Zone Limited -PSS3, Adani Ports and Special Economic Zone Limited -PSS4, Adani Renewable Energy Fifty Five Limited - PSS3, Adani Renewable Energy Fifty Seven Limited PSS-13, Adani Renewable Energy Fifty Six Limited – PSS4, Adani Renewable Energy Fifty Six Limited – PSS9, Adani Renewable Energy Forty Eight Limited-PSS9, Adani Renewable Energy Forty One Limited - PSS3, Adani Renewable Energy Forty One Limited PSS-13, Adani Renewable Energy Forty One Limited – PSS4, Adani Renewable Energy Holding Four Limited-PSS1, Adani Solar Energy Jodhpur Six Private Limited- PSS9, Ambuja Cements Limited -PSS-4, Ambuja Cements Limited-PSS-3); can't determine which one this row means"
employees,Manual review required,"employee_id=503 name='Jitendra Ranawat' designation='Head of the Station' current_suborg_id=None -- Word lists this exact name+designation at 22 different stations (Adani Green Energy Twenty Five A Limited -PSS3, Adani Green Energy Twenty Five B Limited -PSS3, Adani Green Energy Twenty Four A Limited -PSS3, Adani Green Energy Twenty Four Limited – PSS-4, Adani Green Energy Twenty Six A Limited -PSS3, Adani Green Energy Twenty Six B Limited -PSS3, Adani Hazira Port Limited-PSS3, Adani Hybrid Energy Jaisalmer Five Limited -PSS4, Adani Ports and Special Economic Zone Limited -PSS3, Adani Ports and Special Economic Zone Limited -PSS4, Adani Renewable Energy Fifty Five Limited - PSS3, Adani Renewable Energy Fifty Seven Limited PSS-13, Adani Renewable Energy Fifty Six Limited – PSS4, Adani Renewable Energy Fifty Six Limited – PSS9, Adani Renewable Energy Forty Eight Limited-PSS9, Adani Renewable Energy Forty One Limited - PSS3, Adani Renewable Energy Forty One Limited PSS-13, Adani Renewable Energy Forty One Limited – PSS4, Adani Renewable Energy Holding Four Limited-PSS1, Adani Solar Energy Jodhpur Six Private Limited- PSS9, Ambuja Cements Limited -PSS-4, Ambuja Cements Limited-PSS-3); can't determine which one this row means"
employees,Manual review required,"employee_id=506 name='Jitendra Ranawat' designation='Head of the Station' current_suborg_id=None -- Word lists this exact name+designation at 22 different stations (Adani Green Energy Twenty Five A Limited -PSS3, Adani Green Energy Twenty Five B Limited -PSS3, Adani Green Energy Twenty Four A Limited -PSS3, Adani Green Energy Twenty Four Limited – PSS-4, Adani Green Energy Twenty Six A Limited -PSS3, Adani Green Energy Twenty Six B Limited -PSS3, Adani Hazira Port Limited-PSS3, Adani Hybrid Energy Jaisalmer Five Limited -PSS4, Adani Ports and Special Economic Zone Limited -PSS3, Adani Ports and Special Economic Zone Limited -PSS4, Adani Renewable Energy Fifty Five Limited - PSS3, Adani Renewable Energy Fifty Seven Limited PSS-13, Adani Renewable Energy Fifty Six Limited – PSS4, Adani Renewable Energy Fifty Six Limited – PSS9, Adani Renewable Energy Forty Eight Limited-PSS9, Adani Renewable Energy Forty One Limited - PSS3, Adani Renewable Energy Forty One Limited PSS-13, Adani Renewable Energy Forty One Limited – PSS4, Adani Renewable Energy Holding Four Limited-PSS1, Adani Solar Energy Jodhpur Six Private Limited- PSS9, Ambuja Cements Limited -PSS-4, Ambuja Cements Limited-PSS-3); can't determine which one this row means"
employees,Manual review required,"employee_id=589 name='Johnson Chandrakant' designation='DGM, Elec Maintenance' current_suborg_id=None -- Word lists this exact name+designation at 2 different stations (Jhabua Power Limited, Jindal Power Limited); can't determine which one this row means"
employees,Manual review required,"employee_id=596 name='Johnson Chandrakant' designation='DGM, Elec Maintenance' current_suborg_id=None -- Word lists this exact name+designation at 2 different stations (Jhabua Power Limited, Jindal Power Limited); can't determine which one this row means"
employees,Manual review required,"employee_id=97 name='K. M. Chhaiya' designation='SE (COMM)' current_suborg_id=None -- Word shows this role at station 'Gujarat State Load Despatch Centre', which has no exact match in sub_organizations"
employees,Manual review required,"employee_id=94 name='K. P. Jangid' designation='Director (Finance)' current_suborg_id=None -- Word shows this role at station 'Gujarat State Load Despatch Centre', which has no exact match in sub_organizations"
employees,Manual review required,"employee_id=104 name='K.V.Karavadra' designation='EE Sub-LDC, Jetpur' current_suborg_id=None -- Word shows this role at station 'Gujarat State Load Despatch Centre', which has no exact match in sub_organizations"
employees,Manual review required,"employee_id=169 name='Kasim Mujawar' designation='EE, Verna' current_suborg_id=None -- Word shows this role at station 'Goa Electricity Department', which has no exact match in sub_organizations"
employees,Manual review required,"employee_id=319 name='Kishan Venkat' designation='Assistant Manager' current_suborg_id=None -- Word lists this exact name+designation at 2 different stations (Alfanar Energy Private Limited, Alfanar Netra Wind Private Limited); can't determine which one this row means"
employees,Manual review required,"employee_id=405 name='Kishan Venkat' designation='Assistant Manager' current_suborg_id=95 -- Word lists this exact name+designation at 2 different stations (Alfanar Energy Private Limited, Alfanar Netra Wind Private Limited); can't determine which one this row means"
employees,Manual review required,"employee_id=167 name='Lucas Joao' designation='AE, Cuncolim S/S' current_suborg_id=None -- Word shows this role at station 'Goa Electricity Department', which has no exact match in sub_organizations"
employees,Manual review required,"employee_id=165 name='Lucas Joao' designation='AE, Xeldem S/S' current_suborg_id=None -- Word shows this role at station 'Goa Electricity Department', which has no exact match in sub_organizations"
employees,Manual review required,"employee_id=77 name='M.B.Pande' designation='EE(OP)- 1' current_suborg_id=35 -- Word shows this role at station 'Maharashtra State Load Despatch Centre', which has no exact match in sub_organizations"
employees,Manual review required,"employee_id=103 name='M.V.Patel' designation='EE Sub-LDC, Gandhinagar' current_suborg_id=None -- Word shows this role at station 'Gujarat State Load Despatch Centre', which has no exact match in sub_organizations"
employees,Manual review required,"employee_id=158 name='Madhur Bodke' designation='JE, Ponda S/S' current_suborg_id=None -- Word shows this role at station 'Goa Electricity Department', which has no exact match in sub_organizations"
employees,Manual review required,"employee_id=86 name='Mahesh Gosavi' designation='EE(C/R)' current_suborg_id=35 -- Word shows this role at station 'Maharashtra State Load Despatch Centre', which has no exact match in sub_organizations"
employees,Manual review required,"employee_id=90 name='Mangesh Kohat' designation='OSD to CMD' current_suborg_id=37 -- Word shows this role at station 'Maharashtra State Load Despatch Centre', which has no exact match in sub_organizations"
employees,Manual review required,"employee_id=511 name='Manish Rawat' designation='Sr. Manager' current_suborg_id=None -- Word shows this role at station 'Qualified Coordinating Agency', which has no exact match in sub_organizations"
employees,Manual review required,"employee_id=117 name='Manjeet Singh' designation='MD, MPPGCL' current_suborg_id=None -- Word shows this role at station 'Madhya Pradesh State Load Despatch Centre', which has no exact match in sub_organizations"
employees,Manual review required,"employee_id=296 name='Manoj Dixit' designation='Sr. General Manager' current_suborg_id=None -- Word lists this exact name+designation at 4 different stations (INOX Green Energy Services Limited, Wind Five Renergy Limited, Wind One Renergy Limited, Wind Three Renergy Limited); can't determine which one this row means"
employees,Manual review required,"employee_id=419 name='Manoj Dixit' designation='Sr. General Manager' current_suborg_id=99 -- Word lists this exact name+designation at 4 different stations (INOX Green Energy Services Limited, Wind Five Renergy Limited, Wind One Renergy Limited, Wind Three Renergy Limited); can't determine which one this row means"
employees,Manual review required,"employee_id=427 name='Manoj Dixit' designation='Sr. General Manager' current_suborg_id=100 -- Word lists this exact name+designation at 4 different stations (INOX Green Energy Services Limited, Wind Five Renergy Limited, Wind One Renergy Limited, Wind Three Renergy Limited); can't determine which one this row means"
employees,Manual review required,"employee_id=4 name='Manoj Kumar Agrawal' designation='Executive Director' current_suborg_id=3 -- Word shows this role at station 'NLDC and RLDCs', which has no exact match in sub_organizations"
employees,Manual review required,"employee_id=682 name='Manoj Taunk' designation='Associate Vice President (P&M)' current_suborg_id=173 -- Word shows this role at station '. Adani Power Limited', which has no exact match in sub_organizations"
employees,Manual review required,"employee_id=631 name='Manoj Taunk' designation='AVP (P&M)' current_suborg_id=None -- Word lists this exact name+designation at 2 different stations (Adani Power Limited - Raipur, Raigarh Energy Generation Limited); can't determine which one this row means"
employees,Manual review required,"employee_id=637 name='Manoj Taunk' designation='AVP (P&M)' current_suborg_id=None -- Word lists this exact name+designation at 2 different stations (Adani Power Limited - Raipur, Raigarh Energy Generation Limited); can't determine which one this row means"
employees,Corrected suborg_id (Word-verified),"employee_id=531 name='Manoj Taunk' designation='General Manager (P&M)' old_suborg_id=149 new_suborg_id=134 station='ADANI POWER LIMITED, TIRODA' reason='Word directory uniquely and exactly places this person at this station, which differs from the suborg_id previously stored'"
employees,Manual review required,"employee_id=170 name='Mario Mascarenhas' designation='AE, Verna' current_suborg_id=None -- Word shows this role at station 'Goa Electricity Department', which has no exact match in sub_organizations"
employees,Manual review required,"employee_id=73 name='Mashesh Bhagwat' designation='CE (LD)' current_suborg_id=35 -- Word shows this role at station 'Maharashtra State Load Despatch Centre', which has no exact match in sub_organizations"
employees,Manual review required,"employee_id=725 name='Milind Gole' designation='Grid Operations Head' current_suborg_id=189 -- Word shows this role at station '. TATA Power Mumbai', which has no exact match in sub_organizations"
employees,Manual review required,"employee_id=185 name='Milind Ingle' designation='Executive Engineer' current_suborg_id=None -- Word shows this role at station 'Daman and Diu', which has no exact match in sub_organizations"
employees,Manual review required,"employee_id=188 name='Mitesh Patel' designation='Junior Engineer (TR & SLDC)' current_suborg_id=None -- Word shows this role at station 'Daman and Diu', which has no exact match in sub_organizations"
employees,Manual review required,"employee_id=317 name='Mohammed Irfan' designation='Director' current_suborg_id=None -- Word lists this exact name+designation at 2 different stations (Alfanar Energy Private Limited, Alfanar Netra Wind Private Limited); can't determine which one this row means"
employees,Manual review required,"employee_id=403 name='Mohammed Irfan' designation='Director' current_suborg_id=95 -- Word lists this exact name+designation at 2 different stations (Alfanar Energy Private Limited, Alfanar Netra Wind Private Limited); can't determine which one this row means"
employees,Manual review required,"employee_id=100 name='N.N. Shaikh' designation='Exe. Engineer (Open Access )' current_suborg_id=None -- Word shows this role at station 'Gujarat State Load Despatch Centre', which has no exact match in sub_organizations"
employees,Manual review required,"employee_id=307 name='Narendra Somoshi' designation='Sr. Vice President' current_suborg_id=73 -- Word lists this exact name+designation at 4 different stations (Ostro Energy Private Limited, Ostro Kutch Wind Private Limited, ReNew Power Limited, ReNew Wind Energy (AP2) Private Limited); can't determine which one this row means"
employees,Manual review required,"employee_id=312 name='Narendra Somoshi' designation='Sr. Vice President' current_suborg_id=74 -- Word lists this exact name+designation at 4 different stations (Ostro Energy Private Limited, Ostro Kutch Wind Private Limited, ReNew Power Limited, ReNew Wind Energy (AP2) Private Limited); can't determine which one this row means"
employees,Manual review required,"employee_id=322 name='Narendra Somoshi' designation='Sr. Vice President' current_suborg_id=76 -- Word lists this exact name+designation at 4 different stations (Ostro Energy Private Limited, Ostro Kutch Wind Private Limited, ReNew Power Limited, ReNew Wind Energy (AP2) Private Limited); can't determine which one this row means"
employees,Manual review required,"employee_id=351 name='Narendra Somoshi' designation='Sr. Vice President' current_suborg_id=83 -- Word lists this exact name+designation at 4 different stations (Ostro Energy Private Limited, Ostro Kutch Wind Private Limited, ReNew Power Limited, ReNew Wind Energy (AP2) Private Limited); can't determine which one this row means"
employees,Manual review required,"employee_id=67 name='Neeraj Dubey' designation='Head of Project' current_suborg_id=None -- Word lists this exact name+designation at 2 different stations (Gandhar, NTPC Gandhar); can't determine which one this row means"
employees,Manual review required,"employee_id=202 name='Neeraj Dubey' designation='Head of Project' current_suborg_id=40 -- Word lists this exact name+designation at 2 different stations (Gandhar, NTPC Gandhar); can't determine which one this row means"
employees,Manual review required,"employee_id=311 name='Nikita Surbhi' designation='Engineer' current_suborg_id=73 -- Word lists this exact name+designation at 4 different stations (Ostro Energy Private Limited, Ostro Kutch Wind Private Limited, ReNew Power Limited, ReNew Wind Energy (AP2) Private Limited); can't determine which one this row means"
employees,Manual review required,"employee_id=316 name='Nikita Surbhi' designation='Engineer' current_suborg_id=74 -- Word lists this exact name+designation at 4 different stations (Ostro Energy Private Limited, Ostro Kutch Wind Private Limited, ReNew Power Limited, ReNew Wind Energy (AP2) Private Limited); can't determine which one this row means"
employees,Manual review required,"employee_id=326 name='Nikita Surbhi' designation='Engineer' current_suborg_id=76 -- Word lists this exact name+designation at 4 different stations (Ostro Energy Private Limited, Ostro Kutch Wind Private Limited, ReNew Power Limited, ReNew Wind Energy (AP2) Private Limited); can't determine which one this row means"
employees,Manual review required,"employee_id=354 name='Nikita Surbhi' designation='Engineer' current_suborg_id=83 -- Word lists this exact name+designation at 4 different stations (Ostro Energy Private Limited, Ostro Kutch Wind Private Limited, ReNew Power Limited, ReNew Wind Energy (AP2) Private Limited); can't determine which one this row means"
employees,Corrected suborg_id (Word-verified),"employee_id=266 name='Nilendu Datta' designation='Sr. Operation Engineer' old_suborg_id=None new_suborg_id=52 station='Kakrapar Atomic Power Station Stg-1 & 2' reason='Word directory uniquely and exactly places this person at this station, which differs from the suborg_id previously stored'"
employees,Corrected suborg_id (Word-verified),"employee_id=255 name='Nilendu Datta' designation='Technical Services Superintendent' old_suborg_id=None new_suborg_id=51 station='Tarapur Atomic Power Station Stg-3 & 4' reason='Word directory uniquely and exactly places this person at this station, which differs from the suborg_id previously stored'"
employees,Manual review required,"employee_id=160 name='Nilesh Gadekar' designation='AE, Tivim S/S' current_suborg_id=None -- Word shows this role at station 'Goa Electricity Department', which has no exact match in sub_organizations"
employees,Manual review required,"employee_id=64 name='P Ram Prasad' designation='Head of Project' current_suborg_id=None -- Word lists this exact name+designation at 2 different stations (Kawas, NTPC Kawas); can't determine which one this row means"
employees,Manual review required,"employee_id=205 name='P Ram Prasad' designation='Head of Project' current_suborg_id=41 -- Word lists this exact name+designation at 2 different stations (Kawas, NTPC Kawas); can't determine which one this row means"
employees,Manual review required,"employee_id=110 name='P Sachan' designation='Addl. Chief Engineer' current_suborg_id=None -- Word lists this exact name+designation at 2 different stations (Madhya Pradesh State Load Despatch Centre, Synopsis of Important Telephone Numbers); can't determine which one this row means"
employees,Manual review required,"employee_id=98 name='P.B. Parmar' designation='EE. (SCADA)' current_suborg_id=None -- Word shows this role at station 'Gujarat State Load Despatch Centre', which has no exact match in sub_organizations"
employees,Manual review required,"employee_id=101 name='P.B. Suthar' designation='EE (Energy Accounting)' current_suborg_id=None -- Word shows this role at station 'Gujarat State Load Despatch Centre', which has no exact match in sub_organizations"
employees,Manual review required,"employee_id=11 name='P.D. Lone' designation='Director(Comm & Protection, Studies)' current_suborg_id=None -- Word shows this role at station 'Western Regional Power Committee', which has no exact match in sub_organizations"
employees,Manual review required,"employee_id=105 name='P.G. Gupta' designation='EE Sub-LDC, Jambuva' current_suborg_id=None -- Word shows this role at station 'Gujarat State Load Despatch Centre', which has no exact match in sub_organizations"
employees,Manual review required,"employee_id=308 name='P.Sajil' designation='DGM- Asset Management' current_suborg_id=73 -- Word lists this exact name+designation at 3 different stations (Ostro Kutch Wind Private Limited, ReNew Power Limited, ReNew Wind Energy (AP2) Private Limited); can't determine which one this row means"
employees,Manual review required,"employee_id=313 name='P.Sajil' designation='DGM- Asset Management' current_suborg_id=74 -- Word lists this exact name+designation at 3 different stations (Ostro Kutch Wind Private Limited, ReNew Power Limited, ReNew Wind Energy (AP2) Private Limited); can't determine which one this row means"
employees,Manual review required,"employee_id=323 name='P.Sajil' designation='DGM- Asset Management' current_suborg_id=76 -- Word lists this exact name+designation at 3 different stations (Ostro Kutch Wind Private Limited, ReNew Power Limited, ReNew Wind Energy (AP2) Private Limited); can't determine which one this row means"
employees,Manual review required,"employee_id=303 name='Parakash Kumar' designation='Site Engineer' current_suborg_id=None -- Word lists this exact name+designation at 4 different stations (INOX Green Energy Services Limited, Wind Five Renergy Limited, Wind One Renergy Limited, Wind Three Renergy Limited); can't determine which one this row means"
employees,Manual review required,"employee_id=426 name='Parakash Kumar' designation='Site Engineer' current_suborg_id=99 -- Word lists this exact name+designation at 4 different stations (INOX Green Energy Services Limited, Wind Five Renergy Limited, Wind One Renergy Limited, Wind Three Renergy Limited); can't determine which one this row means"
employees,Manual review required,"employee_id=434 name='Parakash Kumar' designation='Site Engineer' current_suborg_id=100 -- Word lists this exact name+designation at 4 different stations (INOX Green Energy Services Limited, Wind Five Renergy Limited, Wind One Renergy Limited, Wind Three Renergy Limited); can't determine which one this row means"
employees,Manual review required,"employee_id=217 name='Piyush Saxena' designation='G M (OS)' current_suborg_id=None -- Word shows this role at station 'NTPC Raipur Head Quarter (WR-2)', which has no exact match in sub_organizations"
employees,Manual review required,"employee_id=724 name='Prabhakar Kale' designation='Chief - Hydros' current_suborg_id=189 -- Word shows this role at station '. TATA Power Mumbai', which has no exact match in sub_organizations"
employees,Manual review required,"employee_id=301 name='Pradeep Kumar Suthar' designation='Assistant Manager O&M' current_suborg_id=None -- Word lists this exact name+designation at 4 different stations (INOX Green Energy Services Limited, Wind Five Renergy Limited, Wind One Renergy Limited, Wind Three Renergy Limited); can't determine which one this row means"
employees,Manual review required,"employee_id=424 name='Pradeep Kumar Suthar' designation='Assistant Manager O&M' current_suborg_id=99 -- Word lists this exact name+designation at 4 different stations (INOX Green Energy Services Limited, Wind Five Renergy Limited, Wind One Renergy Limited, Wind Three Renergy Limited); can't determine which one this row means"
employees,Manual review required,"employee_id=432 name='Pradeep Kumar Suthar' designation='Assistant Manager O&M' current_suborg_id=100 -- Word lists this exact name+designation at 4 different stations (INOX Green Energy Services Limited, Wind Five Renergy Limited, Wind One Renergy Limited, Wind Three Renergy Limited); can't determine which one this row means"
employees,Manual review required,"employee_id=462 name='Pravas Nayak' designation='2nd In-charge' current_suborg_id=122 -- Word lists this exact name+designation at 2 different stations (Adani Renewable Energy Fifty Seven Limited PSS-13, Adani Renewable Energy Forty One Limited PSS-13); can't determine which one this row means"
employees,Manual review required,"employee_id=465 name='Pravas Nayak' designation='2nd In-charge' current_suborg_id=123 -- Word lists this exact name+designation at 2 different stations (Adani Renewable Energy Fifty Seven Limited PSS-13, Adani Renewable Energy Forty One Limited PSS-13); can't determine which one this row means"
employees,Manual review required,"employee_id=196 name='Pravat Ranjan Jena' designation='AGM(Comml)' current_suborg_id=None -- Word shows this role at station 'NTPC Mumbai Head Quarter (WR-1)', which has no exact match in sub_organizations"
employees,Manual review required,"employee_id=115 name='Praveen Kumar Jain' designation='ACGM (PM)' current_suborg_id=None -- Word shows this role at station 'Madhya Pradesh State Load Despatch Centre', which has no exact match in sub_organizations"
employees,Manual review required,"employee_id=201 name='Pushpak Satpute' designation='Manager (Comml)' current_suborg_id=None -- Word shows this role at station 'NTPC Mumbai Head Quarter (WR-1)', which has no exact match in sub_organizations"
employees,Manual review required,"employee_id=198 name='R R Gupta' designation='Sr Manager (OS)' current_suborg_id=None -- Word shows this role at station 'NTPC Mumbai Head Quarter (WR-1)', which has no exact match in sub_organizations"
employees,Manual review required,"employee_id=669 name='R.C. Patel' designation='Ex. Engr (Elect. RBPH)' current_suborg_id=None -- Word shows this role at station 'SSP', which has no exact match in sub_organizations"
employees,Manual review required,"employee_id=118 name='Rajeev Shrivastava' designation='ED (O&M:Gen)' current_suborg_id=None -- Word shows this role at station 'Madhya Pradesh State Load Despatch Centre', which has no exact match in sub_organizations"
employees,Manual review required,"employee_id=111 name='Rajesh Gupta' designation='Superintending Engineer(E&T)' current_suborg_id=None -- Word shows this role at station 'Madhya Pradesh State Load Despatch Centre', which has no exact match in sub_organizations"
employees,Manual review required,"employee_id=310 name='Rajesh Parihar' designation='Manager' current_suborg_id=73 -- Word lists this exact name+designation at 2 different stations (Ostro Energy Private Limited, Ostro Kutch Wind Private Limited); can't determine which one this row means"
employees,Manual review required,"employee_id=353 name='Rajesh Parihar' designation='Manager' current_suborg_id=83 -- Word lists this exact name+designation at 2 different stations (Ostro Energy Private Limited, Ostro Kutch Wind Private Limited); can't determine which one this row means"
employees,Manual review required,"employee_id=85 name='Rajesh Sadarang' designation='EE(C/R)' current_suborg_id=35 -- Word shows this role at station 'Maharashtra State Load Despatch Centre', which has no exact match in sub_organizations"
employees,Manual review required,"employee_id=665 name='Rajesh Sharma' designation='E.E. (EMC)' current_suborg_id=None -- Word shows this role at station 'SSP', which has no exact match in sub_organizations"
employees,Manual review required,"employee_id=5 name='Rajib Sutradhar' designation='Executive Director' current_suborg_id=4 -- Word shows this role at station 'NLDC and RLDCs', which has no exact match in sub_organizations"
employees,Manual review required,"employee_id=532 name='Rakesh Bhalerao' designation='Manager (BD) - Mumbai' current_suborg_id=149 -- Word lists this exact name+designation at 2 different stations (. Adani Power Limited, ADANI POWER LIMITED, TIRODA); can't determine which one this row means"
employees,Manual review required,"employee_id=683 name='Rakesh Bhalerao' designation='Manager (BD) - Mumbai' current_suborg_id=173 -- Word lists this exact name+designation at 2 different stations (. Adani Power Limited, ADANI POWER LIMITED, TIRODA); can't determine which one this row means"
employees,Manual review required,"employee_id=219 name='Rakesh Kumar' designation='DGM(Comml)' current_suborg_id=None -- Word shows this role at station 'NTPC Raipur Head Quarter (WR-2)', which has no exact match in sub_organizations"
employees,Manual review required,"employee_id=154 name='Ramesh Mendonca' designation='AE(SLDC) SCADA & Telemetry' current_suborg_id=None -- Word shows this role at station 'Goa Electricity Department', which has no exact match in sub_organizations"
employees,Manual review required,"employee_id=162 name='Ramesh Umrascar' designation='AE, Amona' current_suborg_id=None -- Word shows this role at station 'Goa Electricity Department', which has no exact match in sub_organizations"
employees,Manual review required,"employee_id=69 name='Ravindra Sharma' designation='AGM(Maint)' current_suborg_id=None -- Word lists this exact name+designation at 2 different stations (Gandhar, NTPC Gandhar); can't determine which one this row means"
employees,Manual review required,"employee_id=204 name='Ravindra Sharma' designation='AGM(Maint)' current_suborg_id=40 -- Word lists this exact name+designation at 2 different stations (Gandhar, NTPC Gandhar); can't determine which one this row means"
employees,Manual review required,"employee_id=283 name='Ritesh Chauhan' designation='2nd In-charge' current_suborg_id=68 -- Word lists this exact name+designation at 3 different stations (Adani Wind Energy Kutch Five Limited, Adani Wind Energy Kutch One Limited/ AWEKTL/ AWEKFL, Adani Wind Energy Kutch Three Limited); can't determine which one this row means"
employees,Manual review required,"employee_id=356 name='Ritesh Chauhan' designation='2nd In-charge' current_suborg_id=84 -- Word lists this exact name+designation at 3 different stations (Adani Wind Energy Kutch Five Limited, Adani Wind Energy Kutch One Limited/ AWEKTL/ AWEKFL, Adani Wind Energy Kutch Three Limited); can't determine which one this row means"
employees,Manual review required,"employee_id=361 name='Ritesh Chauhan' designation='2nd In-charge' current_suborg_id=85 -- Word lists this exact name+designation at 3 different stations (Adani Wind Energy Kutch Five Limited, Adani Wind Energy Kutch One Limited/ AWEKTL/ AWEKFL, Adani Wind Energy Kutch Three Limited); can't determine which one this row means"
employees,Manual review required,"employee_id=302 name='Rohit Sharma' designation='Manager O&M-CRM' current_suborg_id=None -- Word lists this exact name+designation at 4 different stations (INOX Green Energy Services Limited, Wind Five Renergy Limited, Wind One Renergy Limited, Wind Three Renergy Limited); can't determine which one this row means"
employees,Manual review required,"employee_id=425 name='Rohit Sharma' designation='Manager O&M-CRM' current_suborg_id=99 -- Word lists this exact name+designation at 4 different stations (INOX Green Energy Services Limited, Wind Five Renergy Limited, Wind One Renergy Limited, Wind Three Renergy Limited); can't determine which one this row means"
employees,Manual review required,"employee_id=433 name='Rohit Sharma' designation='Manager O&M-CRM' current_suborg_id=100 -- Word lists this exact name+designation at 4 different stations (INOX Green Energy Services Limited, Wind Five Renergy Limited, Wind One Renergy Limited, Wind Three Renergy Limited); can't determine which one this row means"
employees,Corrected suborg_id (Word-verified),"employee_id=560 name='Ronak Naik' designation='Manager Commercial' old_suborg_id=153 new_suborg_id=138 station='DGEN Mega Power Project' reason='Word directory uniquely and exactly places this person at this station, which differs from the suborg_id previously stored'"
employees,Manual review required,"employee_id=1 name='S Usha' designation='Executive Director' current_suborg_id=2 -- Word shows this role at station 'NLDC and RLDCs', which has no exact match in sub_organizations"
employees,Manual review required,"employee_id=84 name='S.G.Bhagat' designation='EE(C/R)' current_suborg_id=35 -- Word shows this role at station 'Maharashtra State Load Despatch Centre', which has no exact match in sub_organizations"
employees,Manual review required,"employee_id=218 name='S.K.Srivastava' designation='AGM(OS)' current_suborg_id=None -- Word shows this role at station 'NTPC Raipur Head Quarter (WR-2)', which has no exact match in sub_organizations"
employees,Manual review required,"employee_id=80 name='S.R. Satpute' designation='EE(SCADA)' current_suborg_id=35 -- Word shows this role at station 'Maharashtra State Load Despatch Centre', which has no exact match in sub_organizations"
employees,Manual review required,"employee_id=109 name='S.S.Patel' designation='C.E (LD)' current_suborg_id=None -- Word lists this exact name+designation at 2 different stations (Madhya Pradesh State Load Despatch Centre, Synopsis of Important Telephone Numbers); can't determine which one this row means"
employees,Manual review required,"employee_id=81 name='Sachin Pakhide' designation='EE(EA) (Energy Accounting)' current_suborg_id=35 -- Word shows this role at station 'Maharashtra State Load Despatch Centre', which has no exact match in sub_organizations"
employees,Manual review required,"employee_id=166 name='Saish Naik' designation='JE, Xeldem S/S' current_suborg_id=None -- Word shows this role at station 'Goa Electricity Department', which has no exact match in sub_organizations"
employees,Manual review required,"employee_id=71 name='Sandeep Kalantri' designation='Director (I/C) (Operations),' current_suborg_id=37 -- Word shows this role at station 'Maharashtra State Load Despatch Centre', which has no exact match in sub_organizations"
employees,Manual review required,"employee_id=510 name='Sandeep Singh' designation='AGM' current_suborg_id=None -- Word shows this role at station 'Qualified Coordinating Agency', which has no exact match in sub_organizations"
employees,Manual review required,"employee_id=172 name='Sandip Dessai' designation='EE, Kadamba' current_suborg_id=None -- Word shows this role at station 'Goa Electricity Department', which has no exact match in sub_organizations"
employees,Manual review required,"employee_id=65 name='Sanjay Mittal' designation='AGM O&M' current_suborg_id=None -- Word lists this exact name+designation at 2 different stations (Kawas, NTPC Kawas); can't determine which one this row means"
employees,Manual review required,"employee_id=206 name='Sanjay Mittal' designation='AGM O&M' current_suborg_id=41 -- Word lists this exact name+designation at 2 different stations (Kawas, NTPC Kawas); can't determine which one this row means"
employees,Manual review required,"employee_id=477 name='Sanjaykumar Asari' designation='2nd In-charge' current_suborg_id=None -- Word lists this exact name+designation at 3 different stations (Adani Renewable Energy Fifty Six Limited – PSS9, Adani Renewable Energy Forty Eight Limited-PSS9, Adani Solar Energy Jodhpur Six Private Limited- PSS9); can't determine which one this row means"
employees,Manual review required,"employee_id=492 name='Sanjaykumar Asari' designation='2nd In-charge' current_suborg_id=None -- Word lists this exact name+designation at 3 different stations (Adani Renewable Energy Fifty Six Limited – PSS9, Adani Renewable Energy Forty Eight Limited-PSS9, Adani Solar Energy Jodhpur Six Private Limited- PSS9); can't determine which one this row means"
employees,Manual review required,"employee_id=495 name='Sanjaykumar Asari' designation='2nd In-charge' current_suborg_id=None -- Word lists this exact name+designation at 3 different stations (Adani Renewable Energy Fifty Six Limited – PSS9, Adani Renewable Energy Forty Eight Limited-PSS9, Adani Solar Energy Jodhpur Six Private Limited- PSS9); can't determine which one this row means"
employees,Manual review required,"employee_id=173 name='Satish Palekar' designation='AE, Kadamba' current_suborg_id=None -- Word shows this role at station 'Goa Electricity Department', which has no exact match in sub_organizations"
employees,Manual review required,"employee_id=199 name='Saurabh Kumar' designation='Sr Manager (OS)' current_suborg_id=None -- Word shows this role at station 'NTPC Mumbai Head Quarter (WR-1)', which has no exact match in sub_organizations"
employees,Manual review required,"employee_id=184 name='Sh. Mekala Chaitanya Prasad' designation='Secretary Power DD & DNH' current_suborg_id=None -- Word shows this role at station 'Daman and Diu', which has no exact match in sub_organizations"
employees,Manual review required,"employee_id=72 name='Shashank Jewalikar' designation='ED(I/C), SLDC' current_suborg_id=35 -- Word lists this exact name+designation at 2 different stations (Maharashtra State Load Despatch Centre, Synopsis of Important Telephone Numbers); can't determine which one this row means"
employees,Manual review required,"employee_id=585 name='Somnath Chattopadhyay' designation='Deputy CEO' current_suborg_id=None -- Word lists this exact name+designation at 2 different stations (Jhabua Power Limited, Jindal Power Limited); can't determine which one this row means"
employees,Manual review required,"employee_id=592 name='Somnath Chattopadhyay' designation='Deputy CEO' current_suborg_id=None -- Word lists this exact name+designation at 2 different stations (Jhabua Power Limited, Jindal Power Limited); can't determine which one this row means"
employees,Manual review required,"employee_id=447 name='Sourabh Gupta' designation='2nd In-charge' current_suborg_id=117 -- Word lists this exact name+designation at 3 different stations (Adani Green Energy Twenty Five A Limited -PSS3, Adani Green Energy Twenty Five B Limited -PSS3, Adani Green Energy Twenty Six B Limited -PSS3); can't determine which one this row means"
employees,Manual review required,"employee_id=450 name='Sourabh Gupta' designation='2nd In-charge' current_suborg_id=118 -- Word lists this exact name+designation at 3 different stations (Adani Green Energy Twenty Five A Limited -PSS3, Adani Green Energy Twenty Five B Limited -PSS3, Adani Green Energy Twenty Six B Limited -PSS3); can't determine which one this row means"
employees,Manual review required,"employee_id=453 name='Sourabh Gupta' designation='2nd In-charge' current_suborg_id=119 -- Word lists this exact name+designation at 3 different stations (Adani Green Energy Twenty Five A Limited -PSS3, Adani Green Energy Twenty Five B Limited -PSS3, Adani Green Energy Twenty Six B Limited -PSS3); can't determine which one this row means"
employees,Manual review required,"employee_id=150 name='Stephen Fernandes' designation='Chief Electrical Engineer/ HO' current_suborg_id=None -- Word shows this role at station 'Goa Electricity Department', which has no exact match in sub_organizations"
employees,Manual review required,"employee_id=151 name='Stephen Fernandes' designation='SE, Circle II (N)' current_suborg_id=None -- Word shows this role at station 'Goa Electricity Department', which has no exact match in sub_organizations"
employees,Manual review required,"employee_id=194 name='Subrata Mandal' designation='RED (WR-I)' current_suborg_id=None -- Word lists this exact name+designation at 2 different stations (NTPC Mumbai Head Quarter (WR-1), Synopsis of Important Telephone Numbers); can't determine which one this row means"
employees,Manual review required,"employee_id=159 name='Suhas Dessai' designation='EE, THIVIM S/S & Amona S/S' current_suborg_id=None -- Word shows this role at station 'Goa Electricity Department', which has no exact match in sub_organizations"
employees,Manual review required,"employee_id=299 name='Sunil Sharma' designation='Sr. Manager O&M' current_suborg_id=None -- Word lists this exact name+designation at 4 different stations (INOX Green Energy Services Limited, Wind Five Renergy Limited, Wind One Renergy Limited, Wind Three Renergy Limited); can't determine which one this row means"
employees,Manual review required,"employee_id=422 name='Sunil Sharma' designation='Sr. Manager O&M' current_suborg_id=99 -- Word lists this exact name+designation at 4 different stations (INOX Green Energy Services Limited, Wind Five Renergy Limited, Wind One Renergy Limited, Wind Three Renergy Limited); can't determine which one this row means"
employees,Manual review required,"employee_id=430 name='Sunil Sharma' designation='Sr. Manager O&M' current_suborg_id=100 -- Word lists this exact name+designation at 4 different stations (INOX Green Energy Services Limited, Wind Five Renergy Limited, Wind One Renergy Limited, Wind Three Renergy Limited); can't determine which one this row means"
employees,Manual review required,"employee_id=163 name='Suraj Mathodkar' designation='JE, Amona' current_suborg_id=None -- Word shows this role at station 'Goa Electricity Department', which has no exact match in sub_organizations"
employees,Manual review required,"employee_id=300 name='Surendra Yadav' designation='Deputy Manager (Scada)' current_suborg_id=None -- Word lists this exact name+designation at 4 different stations (INOX Green Energy Services Limited, Wind Five Renergy Limited, Wind One Renergy Limited, Wind Three Renergy Limited); can't determine which one this row means"
employees,Manual review required,"employee_id=423 name='Surendra Yadav' designation='Deputy Manager (Scada)' current_suborg_id=99 -- Word lists this exact name+designation at 4 different stations (INOX Green Energy Services Limited, Wind Five Renergy Limited, Wind One Renergy Limited, Wind Three Renergy Limited); can't determine which one this row means"
employees,Manual review required,"employee_id=431 name='Surendra Yadav' designation='Deputy Manager (Scada)' current_suborg_id=100 -- Word lists this exact name+designation at 4 different stations (INOX Green Energy Services Limited, Wind Five Renergy Limited, Wind One Renergy Limited, Wind Three Renergy Limited); can't determine which one this row means"
employees,Manual review required,"employee_id=152 name='Suresh Naik' designation='EE, Div-III(Ponda)/ Ponda S/s/ SLDC' current_suborg_id=None -- Word shows this role at station 'Goa Electricity Department', which has no exact match in sub_organizations"
employees,Manual review required,"employee_id=328 name='Uday Ghadage' designation='DGM-OMS' current_suborg_id=77 -- Word lists this exact name+designation at 2 different stations (Continuum Power Trading Private Limited, Srijan Energy Systems Private Limited); can't determine which one this row means"
employees,Manual review required,"employee_id=383 name='Uday Ghadage' designation='DGM-OMS' current_suborg_id=None -- Word lists this exact name+designation at 2 different stations (Continuum Power Trading Private Limited, Srijan Energy Systems Private Limited); can't determine which one this row means"
employees,Manual review required,"employee_id=164 name='Uday Kudalkar' designation='EE, Xeldem S/S/Cuncolim S/S' current_suborg_id=None -- Word shows this role at station 'Goa Electricity Department', which has no exact match in sub_organizations"
employees,Manual review required,"employee_id=6 name='V Balaji' designation='Executive Director' current_suborg_id=5 -- Word shows this role at station 'NLDC and RLDCs', which has no exact match in sub_organizations"
employees,Manual review required,"employee_id=588 name='V k Jain' designation='GM BD' current_suborg_id=None -- Word lists this exact name+designation at 2 different stations (Jhabua Power Limited, Jindal Power Limited); can't determine which one this row means"
employees,Manual review required,"employee_id=595 name='V k Jain' designation='GM BD' current_suborg_id=None -- Word lists this exact name+designation at 2 different stations (Jhabua Power Limited, Jindal Power Limited); can't determine which one this row means"
employees,Manual review required,"employee_id=112 name='V.K.Agrawal' designation='Superintending Engineer' current_suborg_id=None -- Word lists this exact name+designation at 2 different stations (Madhya Pradesh State Load Despatch Centre, Synopsis of Important Telephone Numbers); can't determine which one this row means"
employees,Manual review required,"employee_id=192 name='V.R VERMA' designation='A.E SLDC-DNH' current_suborg_id=None -- Word shows this role at station 'Dadra and Nagar Haveli', which has no exact match in sub_organizations"
employees,Manual review required,"employee_id=68 name='Varughese Valiplackal Kurian' designation='AGM(O&M)' current_suborg_id=None -- Word lists this exact name+designation at 2 different stations (Gandhar, NTPC Gandhar); can't determine which one this row means"
employees,Manual review required,"employee_id=203 name='Varughese Valiplackal Kurian' designation='AGM(O&M)' current_suborg_id=40 -- Word lists this exact name+designation at 2 different stations (Gandhar, NTPC Gandhar); can't determine which one this row means"
employees,Manual review required,"employee_id=468 name='Venkata Durga Hari Prasad Morla' designation='2nd In-charge' current_suborg_id=124 -- Word lists this exact name+designation at 6 different stations (Adani Green Energy Twenty Four Limited – PSS-4, Adani Hybrid Energy Jaisalmer Five Limited -PSS4, Adani Ports and Special Economic Zone Limited -PSS4, Adani Renewable Energy Fifty Six Limited – PSS4, Adani Renewable Energy Forty One Limited – PSS4, Ambuja Cements Limited -PSS-4); can't determine which one this row means"
employees,Manual review required,"employee_id=480 name='Venkata Durga Hari Prasad Morla' designation='2nd In-charge' current_suborg_id=None -- Word lists this exact name+designation at 6 different stations (Adani Green Energy Twenty Four Limited – PSS-4, Adani Hybrid Energy Jaisalmer Five Limited -PSS4, Adani Ports and Special Economic Zone Limited -PSS4, Adani Renewable Energy Fifty Six Limited – PSS4, Adani Renewable Energy Forty One Limited – PSS4, Ambuja Cements Limited -PSS-4); can't determine which one this row means"
employees,Manual review required,"employee_id=489 name='Venkata Durga Hari Prasad Morla' designation='2nd In-charge' current_suborg_id=None -- Word lists this exact name+designation at 6 different stations (Adani Green Energy Twenty Four Limited – PSS-4, Adani Hybrid Energy Jaisalmer Five Limited -PSS4, Adani Ports and Special Economic Zone Limited -PSS4, Adani Renewable Energy Fifty Six Limited – PSS4, Adani Renewable Energy Forty One Limited – PSS4, Ambuja Cements Limited -PSS-4); can't determine which one this row means"
employees,Manual review required,"employee_id=498 name='Venkata Durga Hari Prasad Morla' designation='2nd In-charge' current_suborg_id=None -- Word lists this exact name+designation at 6 different stations (Adani Green Energy Twenty Four Limited – PSS-4, Adani Hybrid Energy Jaisalmer Five Limited -PSS4, Adani Ports and Special Economic Zone Limited -PSS4, Adani Renewable Energy Fifty Six Limited – PSS4, Adani Renewable Energy Forty One Limited – PSS4, Ambuja Cements Limited -PSS-4); can't determine which one this row means"
employees,Manual review required,"employee_id=501 name='Venkata Durga Hari Prasad Morla' designation='2nd In-charge' current_suborg_id=None -- Word lists this exact name+designation at 6 different stations (Adani Green Energy Twenty Four Limited – PSS-4, Adani Hybrid Energy Jaisalmer Five Limited -PSS4, Adani Ports and Special Economic Zone Limited -PSS4, Adani Renewable Energy Fifty Six Limited – PSS4, Adani Renewable Energy Forty One Limited – PSS4, Ambuja Cements Limited -PSS-4); can't determine which one this row means"
employees,Manual review required,"employee_id=504 name='Venkata Durga Hari Prasad Morla' designation='2nd In-charge' current_suborg_id=None -- Word lists this exact name+designation at 6 different stations (Adani Green Energy Twenty Four Limited – PSS-4, Adani Hybrid Energy Jaisalmer Five Limited -PSS4, Adani Ports and Special Economic Zone Limited -PSS4, Adani Renewable Energy Fifty Six Limited – PSS4, Adani Renewable Energy Forty One Limited – PSS4, Ambuja Cements Limited -PSS-4); can't determine which one this row means"
employees,Manual review required,"employee_id=66 name='Vibhor Mangal' designation='DGM (Operation)' current_suborg_id=None -- Word lists this exact name+designation at 2 different stations (Kawas, NTPC Kawas); can't determine which one this row means"
employees,Manual review required,"employee_id=207 name='Vibhor Mangal' designation='DGM (Operation)' current_suborg_id=41 -- Word lists this exact name+designation at 2 different stations (Kawas, NTPC Kawas); can't determine which one this row means"
employees,Manual review required,"employee_id=13 name='Vidya Sagar P' designation='Deputy Director(Comm)' current_suborg_id=None -- Word shows this role at station 'Western Regional Power Committee', which has no exact match in sub_organizations"
employees,Manual review required,"employee_id=91 name='Vipul Kamdar' designation='Site Incharge-OMS' current_suborg_id=34 -- Word shows this role at station 'Maharashtra State Load Despatch Centre', which has no exact match in sub_organizations"
employees,Manual review required,"employee_id=2 name='Vivek Pandey' designation='Chief General Manager' current_suborg_id=2 -- Word shows this role at station 'NLDC and RLDCs', which has no exact match in sub_organizations"
employees,Manual review required,"employee_id=284 name='Yagnesh Joshi' designation='Site Engineer' current_suborg_id=68 -- Word lists this exact name+designation at 3 different stations (Adani Wind Energy Kutch Five Limited, Adani Wind Energy Kutch One Limited/ AWEKTL/ AWEKFL, Adani Wind Energy Kutch Three Limited); can't determine which one this row means"
employees,Manual review required,"employee_id=357 name='Yagnesh Joshi' designation='Site Engineer' current_suborg_id=84 -- Word lists this exact name+designation at 3 different stations (Adani Wind Energy Kutch Five Limited, Adani Wind Energy Kutch One Limited/ AWEKTL/ AWEKFL, Adani Wind Energy Kutch Three Limited); can't determine which one this row means"
employees,Manual review required,"employee_id=362 name='Yagnesh Joshi' designation='Site Engineer' current_suborg_id=85 -- Word lists this exact name+designation at 3 different stations (Adani Wind Energy Kutch Five Limited, Adani Wind Energy Kutch One Limited/ AWEKTL/ AWEKFL, Adani Wind Energy Kutch Three Limited); can't determine which one this row means"
employees,Removed orphan duplicate employee row,employee_id=64 name='P Ram Prasad' designation='Head of Project' org_id=3 suborg_id=NULL removed; kept valid row employee_id=205
employees,Removed orphan duplicate employee row,employee_id=65 name='Sanjay Mittal' designation='AGM O&M' org_id=3 suborg_id=NULL removed; kept valid row employee_id=206
employees,Removed orphan duplicate employee row,employee_id=66 name='Vibhor Mangal' designation='DGM (Operation)' org_id=3 suborg_id=NULL removed; kept valid row employee_id=207
employees,Removed orphan duplicate employee row,employee_id=67 name='Neeraj Dubey' designation='Head of Project' org_id=3 suborg_id=NULL removed; kept valid row employee_id=202
employees,Removed orphan duplicate employee row,employee_id=68 name='Varughese Valiplackal Kurian' designation='AGM(O&M)' org_id=3 suborg_id=NULL removed; kept valid row employee_id=203
employees,Removed orphan duplicate employee row,employee_id=69 name='Ravindra Sharma' designation='AGM(Maint)' org_id=3 suborg_id=NULL removed; kept valid row employee_id=204
employees,Manual review required,"employee_id=398 name='Alapan Bera' designation='Commercial & F&C' suborg_id=NULL -- name+designation repeats 27x with 13 valid suborg_id rows (employee_id=286, 359, 364, 393, 445, 448, 451, 454, 457, 460, 463, 466, 469) -- likely a shared role assigned to multiple stations, not a duplicate"
employees,Manual review required,"employee_id=472 name='Alapan Bera' designation='Commercial & F&C' suborg_id=NULL -- name+designation repeats 27x with 13 valid suborg_id rows (employee_id=286, 359, 364, 393, 445, 448, 451, 454, 457, 460, 463, 466, 469) -- likely a shared role assigned to multiple stations, not a duplicate"
employees,Manual review required,"employee_id=475 name='Alapan Bera' designation='Commercial & F&C' suborg_id=NULL -- name+designation repeats 27x with 13 valid suborg_id rows (employee_id=286, 359, 364, 393, 445, 448, 451, 454, 457, 460, 463, 466, 469) -- likely a shared role assigned to multiple stations, not a duplicate"
employees,Manual review required,"employee_id=478 name='Alapan Bera' designation='Commercial & F&C' suborg_id=NULL -- name+designation repeats 27x with 13 valid suborg_id rows (employee_id=286, 359, 364, 393, 445, 448, 451, 454, 457, 460, 463, 466, 469) -- likely a shared role assigned to multiple stations, not a duplicate"
employees,Manual review required,"employee_id=481 name='Alapan Bera' designation='Commercial & F&C' suborg_id=NULL -- name+designation repeats 27x with 13 valid suborg_id rows (employee_id=286, 359, 364, 393, 445, 448, 451, 454, 457, 460, 463, 466, 469) -- likely a shared role assigned to multiple stations, not a duplicate"
employees,Manual review required,"employee_id=484 name='Alapan Bera' designation='Commercial & F&C' suborg_id=NULL -- name+designation repeats 27x with 13 valid suborg_id rows (employee_id=286, 359, 364, 393, 445, 448, 451, 454, 457, 460, 463, 466, 469) -- likely a shared role assigned to multiple stations, not a duplicate"
employees,Manual review required,"employee_id=487 name='Alapan Bera' designation='Commercial & F&C' suborg_id=NULL -- name+designation repeats 27x with 13 valid suborg_id rows (employee_id=286, 359, 364, 393, 445, 448, 451, 454, 457, 460, 463, 466, 469) -- likely a shared role assigned to multiple stations, not a duplicate"
employees,Manual review required,"employee_id=490 name='Alapan Bera' designation='Commercial & F&C' suborg_id=NULL -- name+designation repeats 27x with 13 valid suborg_id rows (employee_id=286, 359, 364, 393, 445, 448, 451, 454, 457, 460, 463, 466, 469) -- likely a shared role assigned to multiple stations, not a duplicate"
employees,Manual review required,"employee_id=493 name='Alapan Bera' designation='Commercial & F&C' suborg_id=NULL -- name+designation repeats 27x with 13 valid suborg_id rows (employee_id=286, 359, 364, 393, 445, 448, 451, 454, 457, 460, 463, 466, 469) -- likely a shared role assigned to multiple stations, not a duplicate"
employees,Manual review required,"employee_id=496 name='Alapan Bera' designation='Commercial & F&C' suborg_id=NULL -- name+designation repeats 27x with 13 valid suborg_id rows (employee_id=286, 359, 364, 393, 445, 448, 451, 454, 457, 460, 463, 466, 469) -- likely a shared role assigned to multiple stations, not a duplicate"
employees,Manual review required,"employee_id=499 name='Alapan Bera' designation='Commercial & F&C' suborg_id=NULL -- name+designation repeats 27x with 13 valid suborg_id rows (employee_id=286, 359, 364, 393, 445, 448, 451, 454, 457, 460, 463, 466, 469) -- likely a shared role assigned to multiple stations, not a duplicate"
employees,Manual review required,"employee_id=502 name='Alapan Bera' designation='Commercial & F&C' suborg_id=NULL -- name+designation repeats 27x with 13 valid suborg_id rows (employee_id=286, 359, 364, 393, 445, 448, 451, 454, 457, 460, 463, 466, 469) -- likely a shared role assigned to multiple stations, not a duplicate"
employees,Manual review required,"employee_id=505 name='Alapan Bera' designation='Commercial & F&C' suborg_id=NULL -- name+designation repeats 27x with 13 valid suborg_id rows (employee_id=286, 359, 364, 393, 445, 448, 451, 454, 457, 460, 463, 466, 469) -- likely a shared role assigned to multiple stations, not a duplicate"
employees,Manual review required,"employee_id=508 name='Alapan Bera' designation='Commercial & F&C' suborg_id=NULL -- name+designation repeats 27x with 13 valid suborg_id rows (employee_id=286, 359, 364, 393, 445, 448, 451, 454, 457, 460, 463, 466, 469) -- likely a shared role assigned to multiple stations, not a duplicate"
employees,Manual review required,"employee_id=296 name='Manoj Dixit' designation='Sr. General Manager' suborg_id=NULL -- name+designation repeats 3x with 2 valid suborg_id rows (employee_id=419, 427) -- likely a shared role assigned to multiple stations, not a duplicate"
employees,Manual review required,"employee_id=297 name='Arvind Kumar' designation='O&M Head HQ' suborg_id=NULL -- name+designation repeats 3x with 2 valid suborg_id rows (employee_id=420, 428) -- likely a shared role assigned to multiple stations, not a duplicate"
employees,Manual review required,"employee_id=298 name='Bapulal Labana' designation='Incharge O&M' suborg_id=NULL -- name+designation repeats 3x with 2 valid suborg_id rows (employee_id=421, 429) -- likely a shared role assigned to multiple stations, not a duplicate"
employees,Manual review required,"employee_id=299 name='Sunil Sharma' designation='Sr. Manager O&M' suborg_id=NULL -- name+designation repeats 3x with 2 valid suborg_id rows (employee_id=422, 430) -- likely a shared role assigned to multiple stations, not a duplicate"
employees,Manual review required,"employee_id=300 name='Surendra Yadav' designation='Deputy Manager (Scada)' suborg_id=NULL -- name+designation repeats 3x with 2 valid suborg_id rows (employee_id=423, 431) -- likely a shared role assigned to multiple stations, not a duplicate"
employees,Manual review required,"employee_id=301 name='Pradeep Kumar Suthar' designation='Assistant Manager O&M' suborg_id=NULL -- name+designation repeats 3x with 2 valid suborg_id rows (employee_id=424, 432) -- likely a shared role assigned to multiple stations, not a duplicate"
employees,Manual review required,"employee_id=302 name='Rohit Sharma' designation='Manager O&M-CRM' suborg_id=NULL -- name+designation repeats 3x with 2 valid suborg_id rows (employee_id=425, 433) -- likely a shared role assigned to multiple stations, not a duplicate"
employees,Manual review required,"employee_id=303 name='Parakash Kumar' designation='Site Engineer' suborg_id=NULL -- name+designation repeats 3x with 2 valid suborg_id rows (employee_id=426, 434) -- likely a shared role assigned to multiple stations, not a duplicate"
employees,Removed orphan duplicate employee row,employee_id=317 name='Mohammed Irfan' designation='Director' org_id=14 suborg_id=NULL removed; kept valid row employee_id=403
employees,Removed orphan duplicate employee row,employee_id=318 name='Jitendra Prajapati' designation='Asset Manager' org_id=14 suborg_id=NULL removed; kept valid row employee_id=404
employees,Removed orphan duplicate employee row,employee_id=319 name='Kishan Venkat' designation='Assistant Manager' org_id=14 suborg_id=NULL removed; kept valid row employee_id=405
employees,Removed orphan duplicate employee row,employee_id=382 name='Dhananjay Joshi' designation='VP-Asset management & QHSE' org_id=14 suborg_id=NULL removed; kept valid row employee_id=327
employees,Removed orphan duplicate employee row,employee_id=383 name='Uday Ghadage' designation='DGM-OMS' org_id=14 suborg_id=NULL removed; kept valid row employee_id=328
employees,Manual review required,"employee_id=470 name='Jitendra Ranawat' designation='Head of the Station' suborg_id=NULL -- name+designation repeats 22x with 9 valid suborg_id rows (employee_id=443, 446, 449, 452, 455, 458, 461, 464, 467) -- likely a shared role assigned to multiple stations, not a duplicate"
employees,Manual review required,"employee_id=473 name='Jitendra Ranawat' designation='Head of the Station' suborg_id=NULL -- name+designation repeats 22x with 9 valid suborg_id rows (employee_id=443, 446, 449, 452, 455, 458, 461, 464, 467) -- likely a shared role assigned to multiple stations, not a duplicate"
employees,Manual review required,"employee_id=476 name='Jitendra Ranawat' designation='Head of the Station' suborg_id=NULL -- name+designation repeats 22x with 9 valid suborg_id rows (employee_id=443, 446, 449, 452, 455, 458, 461, 464, 467) -- likely a shared role assigned to multiple stations, not a duplicate"
employees,Manual review required,"employee_id=479 name='Jitendra Ranawat' designation='Head of the Station' suborg_id=NULL -- name+designation repeats 22x with 9 valid suborg_id rows (employee_id=443, 446, 449, 452, 455, 458, 461, 464, 467) -- likely a shared role assigned to multiple stations, not a duplicate"
employees,Manual review required,"employee_id=482 name='Jitendra Ranawat' designation='Head of the Station' suborg_id=NULL -- name+designation repeats 22x with 9 valid suborg_id rows (employee_id=443, 446, 449, 452, 455, 458, 461, 464, 467) -- likely a shared role assigned to multiple stations, not a duplicate"
employees,Manual review required,"employee_id=485 name='Jitendra Ranawat' designation='Head of the Station' suborg_id=NULL -- name+designation repeats 22x with 9 valid suborg_id rows (employee_id=443, 446, 449, 452, 455, 458, 461, 464, 467) -- likely a shared role assigned to multiple stations, not a duplicate"
employees,Manual review required,"employee_id=488 name='Jitendra Ranawat' designation='Head of the Station' suborg_id=NULL -- name+designation repeats 22x with 9 valid suborg_id rows (employee_id=443, 446, 449, 452, 455, 458, 461, 464, 467) -- likely a shared role assigned to multiple stations, not a duplicate"
employees,Manual review required,"employee_id=491 name='Jitendra Ranawat' designation='Head of the Station' suborg_id=NULL -- name+designation repeats 22x with 9 valid suborg_id rows (employee_id=443, 446, 449, 452, 455, 458, 461, 464, 467) -- likely a shared role assigned to multiple stations, not a duplicate"
employees,Manual review required,"employee_id=494 name='Jitendra Ranawat' designation='Head of the Station' suborg_id=NULL -- name+designation repeats 22x with 9 valid suborg_id rows (employee_id=443, 446, 449, 452, 455, 458, 461, 464, 467) -- likely a shared role assigned to multiple stations, not a duplicate"
employees,Manual review required,"employee_id=497 name='Jitendra Ranawat' designation='Head of the Station' suborg_id=NULL -- name+designation repeats 22x with 9 valid suborg_id rows (employee_id=443, 446, 449, 452, 455, 458, 461, 464, 467) -- likely a shared role assigned to multiple stations, not a duplicate"
employees,Manual review required,"employee_id=500 name='Jitendra Ranawat' designation='Head of the Station' suborg_id=NULL -- name+designation repeats 22x with 9 valid suborg_id rows (employee_id=443, 446, 449, 452, 455, 458, 461, 464, 467) -- likely a shared role assigned to multiple stations, not a duplicate"
employees,Manual review required,"employee_id=503 name='Jitendra Ranawat' designation='Head of the Station' suborg_id=NULL -- name+designation repeats 22x with 9 valid suborg_id rows (employee_id=443, 446, 449, 452, 455, 458, 461, 464, 467) -- likely a shared role assigned to multiple stations, not a duplicate"
employees,Manual review required,"employee_id=506 name='Jitendra Ranawat' designation='Head of the Station' suborg_id=NULL -- name+designation repeats 22x with 9 valid suborg_id rows (employee_id=443, 446, 449, 452, 455, 458, 461, 464, 467) -- likely a shared role assigned to multiple stations, not a duplicate"
employees,Manual review required,"employee_id=471 name='Gusai Dipakgar Govindgar' designation='2nd In-charge' suborg_id=NULL -- name+designation repeats 7x with 3 valid suborg_id rows (employee_id=444, 456, 459) -- likely a shared role assigned to multiple stations, not a duplicate"
employees,Manual review required,"employee_id=474 name='Gusai Dipakgar Govindgar' designation='2nd In-charge' suborg_id=NULL -- name+designation repeats 7x with 3 valid suborg_id rows (employee_id=444, 456, 459) -- likely a shared role assigned to multiple stations, not a duplicate"
employees,Manual review required,"employee_id=486 name='Gusai Dipakgar Govindgar' designation='2nd In-charge' suborg_id=NULL -- name+designation repeats 7x with 3 valid suborg_id rows (employee_id=444, 456, 459) -- likely a shared role assigned to multiple stations, not a duplicate"
employees,Manual review required,"employee_id=507 name='Gusai Dipakgar Govindgar' designation='2nd In-charge' suborg_id=NULL -- name+designation repeats 7x with 3 valid suborg_id rows (employee_id=444, 456, 459) -- likely a shared role assigned to multiple stations, not a duplicate"
employees,Manual review required,"employee_id=480 name='Venkata Durga Hari Prasad Morla' designation='2nd In-charge' suborg_id=NULL -- name+designation repeats 6x with 1 valid suborg_id row (employee_id=468) but 5 orphan rows -- can't tell which, if any, orphan corresponds to that valid row"
employees,Manual review required,"employee_id=489 name='Venkata Durga Hari Prasad Morla' designation='2nd In-charge' suborg_id=NULL -- name+designation repeats 6x with 1 valid suborg_id row (employee_id=468) but 5 orphan rows -- can't tell which, if any, orphan corresponds to that valid row"
employees,Manual review required,"employee_id=498 name='Venkata Durga Hari Prasad Morla' designation='2nd In-charge' suborg_id=NULL -- name+designation repeats 6x with 1 valid suborg_id row (employee_id=468) but 5 orphan rows -- can't tell which, if any, orphan corresponds to that valid row"
employees,Manual review required,"employee_id=501 name='Venkata Durga Hari Prasad Morla' designation='2nd In-charge' suborg_id=NULL -- name+designation repeats 6x with 1 valid suborg_id row (employee_id=468) but 5 orphan rows -- can't tell which, if any, orphan corresponds to that valid row"
employees,Manual review required,"employee_id=504 name='Venkata Durga Hari Prasad Morla' designation='2nd In-charge' suborg_id=NULL -- name+designation repeats 6x with 1 valid suborg_id row (employee_id=468) but 5 orphan rows -- can't tell which, if any, orphan corresponds to that valid row"
employees,Manual review required,employee_id=477 name='Sanjaykumar Asari' designation='2nd In-charge' suborg_id=NULL -- name+designation repeats 3x but no valid suborg_id exists among them
employees,Manual review required,employee_id=492 name='Sanjaykumar Asari' designation='2nd In-charge' suborg_id=NULL -- name+designation repeats 3x but no valid suborg_id exists among them
employees,Manual review required,employee_id=495 name='Sanjaykumar Asari' designation='2nd In-charge' suborg_id=NULL -- name+designation repeats 3x but no valid suborg_id exists among them
employees,Manual review required,employee_id=584 name='Anil Kumar Sharma' designation='CEO' suborg_id=NULL -- name+designation repeats 2x but no valid suborg_id exists among them
employees,Manual review required,employee_id=591 name='Anil Kumar Sharma' designation='CEO' suborg_id=NULL -- name+designation repeats 2x but no valid suborg_id exists among them
employees,Manual review required,employee_id=585 name='Somnath Chattopadhyay' designation='Deputy CEO' suborg_id=NULL -- name+designation repeats 2x but no valid suborg_id exists among them
employees,Manual review required,employee_id=592 name='Somnath Chattopadhyay' designation='Deputy CEO' suborg_id=NULL -- name+designation repeats 2x but no valid suborg_id exists among them
employees,Manual review required,"employee_id=586 name='Ashok Singh Yadav' designation='General Manager, O&M' suborg_id=NULL -- name+designation repeats 2x but no valid suborg_id exists among them"
employees,Manual review required,"employee_id=593 name='Ashok Singh Yadav' designation='General Manager, O&M' suborg_id=NULL -- name+designation repeats 2x but no valid suborg_id exists among them"
employees,Manual review required,"employee_id=587 name='Chandra V. Singh' designation='GM, Operations' suborg_id=NULL -- name+designation repeats 2x but no valid suborg_id exists among them"
employees,Manual review required,"employee_id=594 name='Chandra V. Singh' designation='GM, Operations' suborg_id=NULL -- name+designation repeats 2x but no valid suborg_id exists among them"
employees,Manual review required,employee_id=588 name='V k Jain' designation='GM BD' suborg_id=NULL -- name+designation repeats 2x but no valid suborg_id exists among them
employees,Manual review required,employee_id=595 name='V k Jain' designation='GM BD' suborg_id=NULL -- name+designation repeats 2x but no valid suborg_id exists among them
employees,Manual review required,"employee_id=589 name='Johnson Chandrakant' designation='DGM, Elec Maintenance' suborg_id=NULL -- name+designation repeats 2x but no valid suborg_id exists among them"
employees,Manual review required,"employee_id=596 name='Johnson Chandrakant' designation='DGM, Elec Maintenance' suborg_id=NULL -- name+designation repeats 2x but no valid suborg_id exists among them"
employees,Manual review required,"employee_id=590 name='Dileep Singh' designation='Senior Manager, BD & power sales' suborg_id=NULL -- name+designation repeats 2x but no valid suborg_id exists among them"
employees,Manual review required,"employee_id=597 name='Dileep Singh' designation='Senior Manager, BD & power sales' suborg_id=NULL -- name+designation repeats 2x but no valid suborg_id exists among them"
employees,Manual review required,employee_id=631 name='Manoj Taunk' designation='AVP (P&M)' suborg_id=NULL -- name+designation repeats 2x but no valid suborg_id exists among them
employees,Manual review required,employee_id=637 name='Manoj Taunk' designation='AVP (P&M)' suborg_id=NULL -- name+designation repeats 2x but no valid suborg_id exists among them
control_rooms,Manual review required,id=27 sub_organization_name='MAHARASHTRA 17. Khopoli & Bhivpuri' has no exact match in sub_organizations -- left unchanged
control_rooms,Manual review required,id=28 sub_organization_name='MAHARASHTRA 17. Khopoli & Bhivpuri' has no exact match in sub_organizations -- left unchanged
control_rooms,Manual review required,id=29 sub_organization_name='MAHARASHTRA 17. Khopoli & Bhivpuri' has no exact match in sub_organizations -- left unchanged
control_rooms,Manual review required,id=30 sub_organization_name='MAHARASHTRA 17. Khopoli & Bhivpuri' has no exact match in sub_organizations -- left unchanged
control_rooms,Manual review required,id=31 sub_organization_name='MAHARASHTRA 17. Khopoli & Bhivpuri' has no exact match in sub_organizations -- left unchanged
control_rooms,Manual review required,id=32 sub_organization_name='MAHARASHTRA 17. Khopoli & Bhivpuri' has no exact match in sub_organizations -- left unchanged
control_rooms,Manual review required,id=33 sub_organization_name='MAHARASHTRA 17. Khopoli & Bhivpuri' has no exact match in sub_organizations -- left unchanged
control_rooms,Manual review required,id=34 sub_organization_name='MAHARASHTRA 17. Khopoli & Bhivpuri' has no exact match in sub_organizations -- left unchanged
control_rooms,Manual review required,id=35 sub_organization_name='MAHARASHTRA 17. Khopoli & Bhivpuri' has no exact match in sub_organizations -- left unchanged
control_rooms,Manual review required,id=36 sub_organization_name='MAHARASHTRA 17. Khopoli & Bhivpuri' has no exact match in sub_organizations -- left unchanged
control_rooms,Manual review required,id=37 sub_organization_name='MAHARASHTRA 17. Khopoli & Bhivpuri' has no exact match in sub_organizations -- left unchanged
control_rooms,Manual review required,id=38 sub_organization_name='MAHARASHTRA 17. Khopoli & Bhivpuri' has no exact match in sub_organizations -- left unchanged
control_rooms,Manual review required,id=39 sub_organization_name='NTPC Black start Units' has no exact match in sub_organizations -- left unchanged
control_rooms,Manual review required,id=40 sub_organization_name='NTPC Black start Units' has no exact match in sub_organizations -- left unchanged
control_rooms,Manual review required,"id=41 sub_organization_name='Ambazari, Nagpur' has no exact match in sub_organizations -- left unchanged"
control_rooms,Populated suborg_id,id=49 sub_organization_name='NTPC Gandhar' -> suborg_id=40
control_rooms,Populated suborg_id,id=50 sub_organization_name='NTPC Kawas' -> suborg_id=41
control_rooms,Populated suborg_id,id=51 sub_organization_name='NTPC Mauda' -> suborg_id=42
control_rooms,Populated suborg_id,id=52 sub_organization_name='NTPC Solapur' -> suborg_id=43
control_rooms,Manual review required,"id=53 sub_organization_name='NTPC Gadarwara Super Thermal Power Project, Narsinghpur, Madhya Pradesh-487 001.' has no exact match in sub_organizations -- left unchanged"
control_rooms,Manual review required,"id=54 sub_organization_name='NTPC Khargone Super Thermal Power Project, Vishnupuri, Khandwa Road, Khargone, Madhya Pradesh-451 001' has no exact match in sub_organizations -- left unchanged"
control_rooms,Populated suborg_id,id=55 sub_organization_name='NTPC Korba' -> suborg_id=46
control_rooms,Populated suborg_id,id=56 sub_organization_name='NTPC Lara' -> suborg_id=47
control_rooms,Populated suborg_id,id=57 sub_organization_name='NTPC Sipat' -> suborg_id=48
control_rooms,Populated suborg_id,id=58 sub_organization_name='NTPC Vindhyachal' -> suborg_id=49
control_rooms,Populated suborg_id,id=59 sub_organization_name='Tarapur Atomic Power Station Stg-1 & 2' -> suborg_id=50
control_rooms,Populated suborg_id,id=60 sub_organization_name='Tarapur Atomic Power Station Stg-3 & 4' -> suborg_id=51
control_rooms,Populated suborg_id,id=61 sub_organization_name='Kakrapar Atomic Power Station Stg-1 & 2' -> suborg_id=52
control_rooms,Populated suborg_id,id=62 sub_organization_name='Kakrapar Atomic Power Station Stg-3 & 4' -> suborg_id=53
control_rooms,Manual review required,id=67 sub_organization_name='Overcoming barriers to performance is how groups become teams …' has no exact match in sub_organizations -- left unchanged
control_rooms,Manual review required,id=71 sub_organization_name='Teamwork does not tolerate the inconvenience of distance …' has no exact match in sub_organizations -- left unchanged
control_rooms,Manual review required,id=75 sub_organization_name='We = Power…' has no exact match in sub_organizations -- left unchanged
control_rooms,Manual review required,"id=76 sub_organization_name='Corporate Centre, 34 Sant Tukaram Road, Carnac Bunder, Mumbai 400 009, Maharashtra, India' has no exact match in sub_organizations -- left unchanged"
control_rooms,Manual review required,"id=86 sub_organization_name='Office No. 1, Gandhi Colony, Jaora, Ratlam - 457 226, Madhya Pradesh, India' has no exact match in sub_organizations -- left unchanged"
control_rooms,Manual review required,id=90 sub_organization_name='We = Power…' has no exact match in sub_organizations -- left unchanged
control_rooms,Manual review required,id=95 sub_organization_name='Working together for a great mission is very fulfilling…' has no exact match in sub_organizations -- left unchanged
control_rooms,Manual review required,id=96 sub_organization_name='Neither Gold nor diamonds mine themselves…' has no exact match in sub_organizations -- left unchanged
control_rooms,Manual review required,"id=100 sub_organization_name='The Tata Power Company Limited, Corporate Center B, 34 Sant Tukaram Road, Carnac Bunder, Mumbai 400 009, Maharashtra, India.' has no exact match in sub_organizations -- left unchanged"
control_rooms,Manual review required,"id=101 sub_organization_name='The Tata Power Company Limited, Corporate Center B, 34 Sant Tukaram Road, Carnac Bunder, Mumbai 400 009, Maharashtra, India.' has no exact match in sub_organizations -- left unchanged"
control_rooms,Manual review required,"id=102 sub_organization_name='The Tata Power Company Limited, Corporate Center B, 34 Sant Tukaram Road, Carnac Bunder, Mumbai 400 009, Maharashtra, India.' has no exact match in sub_organizations -- left unchanged"
control_rooms,Manual review required,"id=103 sub_organization_name='The Tata Power Company Limited, Corporate Center B, 34 Sant Tukaram Road, Carnac Bunder, Mumbai 400 009, Maharashtra, India.' has no exact match in sub_organizations -- left unchanged"
control_rooms,Populated suborg_id,id=122 sub_organization_name='Ambuja Cements Limited-PSS-3' -> suborg_id=112
control_rooms,Populated suborg_id,id=123 sub_organization_name='Ambuja Cements Limited-PSS-3' -> suborg_id=112
control_rooms,Populated suborg_id,id=124 sub_organization_name='Adani Hazira Port Limited-PSS3' -> suborg_id=113
control_rooms,Populated suborg_id,id=125 sub_organization_name='Adani Hazira Port Limited-PSS3' -> suborg_id=113
control_rooms,Populated suborg_id,id=126 sub_organization_name='Adani Renewable Energy Forty Eight Limited-PSS9' -> suborg_id=114
control_rooms,Populated suborg_id,id=127 sub_organization_name='Adani Renewable Energy Forty Eight Limited-PSS9' -> suborg_id=114
control_rooms,Populated suborg_id,id=128 sub_organization_name='Adani Renewable Energy Fifty Six Limited – PSS4' -> suborg_id=115
control_rooms,Populated suborg_id,id=129 sub_organization_name='Adani Renewable Energy Fifty Six Limited – PSS4' -> suborg_id=115
control_rooms,Populated suborg_id,id=130 sub_organization_name='Adani Renewable Energy Holding Four Limited-PSS1' -> suborg_id=116
control_rooms,Populated suborg_id,id=131 sub_organization_name='Adani Renewable Energy Holding Four Limited-PSS1' -> suborg_id=116
control_rooms,Populated suborg_id,id=132 sub_organization_name='Adani Renewable Energy Forty One Limited - PSS3' -> suborg_id=117
control_rooms,Populated suborg_id,id=133 sub_organization_name='Adani Renewable Energy Forty One Limited - PSS3' -> suborg_id=117
control_rooms,Populated suborg_id,id=134 sub_organization_name='Adani Renewable Energy Forty One Limited – PSS4' -> suborg_id=118
control_rooms,Populated suborg_id,id=135 sub_organization_name='Adani Renewable Energy Forty One Limited – PSS4' -> suborg_id=118
control_rooms,Populated suborg_id,id=136 sub_organization_name='Adani Renewable Energy Fifty Six Limited – PSS9' -> suborg_id=119
control_rooms,Populated suborg_id,id=137 sub_organization_name='Adani Renewable Energy Fifty Six Limited – PSS9' -> suborg_id=119
control_rooms,Populated suborg_id,id=138 sub_organization_name='Adani Solar Energy Jodhpur Six Private Limited- PSS9' -> suborg_id=120
control_rooms,Populated suborg_id,id=139 sub_organization_name='Adani Solar Energy Jodhpur Six Private Limited- PSS9' -> suborg_id=120
control_rooms,Populated suborg_id,id=140 sub_organization_name='Adani Hybrid Energy Jaisalmer Five Limited -PSS4' -> suborg_id=121
control_rooms,Populated suborg_id,id=141 sub_organization_name='Adani Hybrid Energy Jaisalmer Five Limited -PSS4' -> suborg_id=121
control_rooms,Populated suborg_id,id=142 sub_organization_name='Adani Green Energy Twenty Four Limited – PSS-4' -> suborg_id=122
control_rooms,Populated suborg_id,id=143 sub_organization_name='Adani Green Energy Twenty Four Limited – PSS-4' -> suborg_id=122
control_rooms,Populated suborg_id,id=144 sub_organization_name='Adani Ports and Special Economic Zone Limited -PSS4' -> suborg_id=123
control_rooms,Populated suborg_id,id=145 sub_organization_name='Adani Ports and Special Economic Zone Limited -PSS4' -> suborg_id=123
control_rooms,Populated suborg_id,id=146 sub_organization_name='Adani Ports and Special Economic Zone Limited -PSS3' -> suborg_id=124
control_rooms,Populated suborg_id,id=147 sub_organization_name='Adani Ports and Special Economic Zone Limited -PSS3' -> suborg_id=124
control_rooms,Populated suborg_id,id=148 sub_organization_name='M/s ADANI RENEWABLE ENERGY HOLDING FIVE LIMITED' -> suborg_id=128
control_rooms,Populated suborg_id,id=149 sub_organization_name='M/s ADANI RENEWABLE ENERGY HOLDING FIVE LIMITED' -> suborg_id=128
control_rooms,Populated suborg_id,id=150 sub_organization_name='M/s ADANI RENEWABLE ENERGY HOLDING FIVE LIMITED' -> suborg_id=128
control_rooms,Populated suborg_id,id=168 sub_organization_name='GMR Warora Energy Limited' -> suborg_id=142
control_rooms,Populated suborg_id,id=169 sub_organization_name='Jhabua Power Limited' -> suborg_id=144
control_rooms,Populated suborg_id,id=171 sub_organization_name='KSK Mahanadi Power Company Limited (JSW Energy)' -> suborg_id=146
control_rooms,Populated suborg_id,id=172 sub_organization_name='LANCO Amarkantak Power Limited' -> suborg_id=147
control_rooms,Populated suborg_id,id=173 sub_organization_name='MB Power (MP) Limited' -> suborg_id=148
control_rooms,Populated suborg_id,id=174 sub_organization_name='MB Power (MP) Limited' -> suborg_id=148
control_rooms,Populated suborg_id,id=175 sub_organization_name='NTPC-SAIL Power Company Private Limited (NSPCL)' -> suborg_id=149
control_rooms,Populated suborg_id,id=176 sub_organization_name='Raigarh Energy Generation Limited' -> suborg_id=150
control_rooms,Populated suborg_id,id=177 sub_organization_name='Raigarh Energy Generation Limited' -> suborg_id=150
control_rooms,Populated suborg_id,id=178 sub_organization_name='Adani Power Limited - Raipur' -> suborg_id=151
control_rooms,Populated suborg_id,id=179 sub_organization_name='Ratnagiri Gas & Power Private Limited' -> suborg_id=152
control_rooms,Populated suborg_id,id=180 sub_organization_name='RKM Powergen Private Limited' -> suborg_id=153
control_rooms,Manual review required,"id=181 sub_organization_name='Sasan UMPP, Village Tiyara, Waidhan, Singrauli, MP' has no exact match in sub_organizations -- left unchanged"
control_rooms,Populated suborg_id,id=182 sub_organization_name='SKS Power Generation (C.G) Limited' -> suborg_id=155
control_rooms,Manual review required,id=183 sub_organization_name='SSP' has no exact match in sub_organizations -- left unchanged
control_rooms,Manual review required,id=184 sub_organization_name='SSP' has no exact match in sub_organizations -- left unchanged
control_rooms,Manual review required,id=185 sub_organization_name='SSP' has no exact match in sub_organizations -- left unchanged
control_rooms,Manual review required,id=186 sub_organization_name='Corporate Office-Gurgaon' has no exact match in sub_organizations -- left unchanged
control_rooms,Manual review required,"id=187 sub_organization_name='400KV Hazira GIS Control Room, C/o AMNS India Ltd. 27 km Surat Hazira Road, Surat, Gujarat' has no exact match in sub_organizations -- left unchanged"
control_rooms,Manual review required,"id=188 sub_organization_name='Central Control Room, Noida' has no exact match in sub_organizations -- left unchanged"
control_rooms,Manual review required,"id=189 sub_organization_name='Central Control Room, Noida' has no exact match in sub_organizations -- left unchanged"
control_rooms,Manual review required,"id=190 sub_organization_name='Head Office, Gurugram' has no exact match in sub_organizations -- left unchanged"
control_rooms,Manual review required,id=198 sub_organization_name='Disaster Management Control Centre' has no exact match in sub_organizations -- left unchanged
control_rooms,Manual review required,id=199 sub_organization_name='Disaster Management Control Centre' has no exact match in sub_organizations -- left unchanged
control_rooms,Manual review required,"station='. TATA Power Mumbai' label='Control Room PSCC' -- Word lists a control room here, but this station name has no exact match in sub_organizations or organizations -- left unchanged"
control_rooms,Manual review required,"station='. TATA Power Mumbai' label='Control Room PSCC' -- Word lists a control room here, but this station name has no exact match in sub_organizations or organizations -- left unchanged"
control_rooms,Manual review required,"station='. TATA Power Mumbai' label='Control Room PSCC' -- Word lists a control room here, but this station name has no exact match in sub_organizations or organizations -- left unchanged"
control_rooms,"Added control room row (Word-verified, was missing entirely)",station='ACB (India) Limited' org_id=16 suborg_id=129 label='Control Room' phones=[] emails=['dcs.270@acbindia.com'] -- Word lists this control room but no row for this station existed in the control_rooms sheet at all
control_rooms,"Added control room row (Word-verified, was missing entirely)",station='ACB (India) Limited' org_id=16 suborg_id=129 label='400/132 KV Switch yard Control Room' phones=['09302187737 / Orange no: 20221416'] emails=['switchyard.270@acbindia.com'] -- Word lists this control room but no row for this station existed in the control_rooms sheet at all
control_rooms,"Added control room row (Word-verified, was missing entirely)",station='ACB (India) Limited' org_id=16 suborg_id=129 label='2x30 MW Control Room' phones=[] emails=['2x30mw@acbindia.com'] -- Word lists this control room but no row for this station existed in the control_rooms sheet at all
control_rooms,"Added control room row (Word-verified, was missing entirely)",station='ACB (India) Limited' org_id=16 suborg_id=129 label='50 MW Control Room' phones=[] emails=['scplswitchyard.2x50@acbindia.com scploperation.2x50@acbindia.com'] -- Word lists this control room but no row for this station existed in the control_rooms sheet at all
control_rooms,"Added control room row (Word-verified, was missing entirely)",station='ACB (India) Limited' org_id=16 suborg_id=129 label='1x300 MW Control Room' phones=['6262049508'] emails=['300mwswitchyard@mccplpower.com'] -- Word lists this control room but no row for this station existed in the control_rooms sheet at all
control_rooms,"Added control room row (Word-verified, was missing entirely)","station='ADANI POWER LIMITED, TIRODA' org_id=16 suborg_id=134 label='APML Tiroda Control Room' phones=['07198-271590', '9764800057'] emails=['sce.tirora@adani.com'] -- Word lists this control room but no row for this station existed in the control_rooms sheet at all"
control_rooms,"Added control room row (Word-verified, was missing entirely)","station='AMNS (Essar) Power Transmission Company Limited' org_id=17 suborg_id=158 label='Control Room' phones=['0261 7146596', '9909993555'] emails=['400kv_hazira_cr1@amns.in'] -- Word lists this control room but no row for this station existed in the control_rooms sheet at all"
control_rooms,"Added control room row (Word-verified, was missing entirely)",station='Adani Green Energy Twenty Five A Limited -PSS3' org_id=14 suborg_id=105 label='Control Room Shift Engineer' phones=['7227069072'] emails=['pss2.khavda@adani.com'] -- Word lists this control room but no row for this station existed in the control_rooms sheet at all
control_rooms,"Added control room row (Word-verified, was missing entirely)","station='Adani Green Energy Twenty Five A Limited -PSS3' org_id=14 suborg_id=105 label='Control Room' phones=['IP No. 20220538', '7227069072'] emails=['pss2.khavda@adani.com'] -- Word lists this control room but no row for this station existed in the control_rooms sheet at all"
control_rooms,"Added control room row (Word-verified, was missing entirely)",station='Adani Green Energy Twenty Five B Limited -PSS3' org_id=14 suborg_id=106 label='Control Room Shift Engineer' phones=['7227069072'] emails=['pss2.khavda@adani.com'] -- Word lists this control room but no row for this station existed in the control_rooms sheet at all
control_rooms,"Added control room row (Word-verified, was missing entirely)","station='Adani Green Energy Twenty Five B Limited -PSS3' org_id=14 suborg_id=106 label='Control Room' phones=['IP No. 20220538', '7227069072'] emails=['pss2.khavda@adani.com'] -- Word lists this control room but no row for this station existed in the control_rooms sheet at all"
control_rooms,"Added control room row (Word-verified, was missing entirely)",station='Adani Green Energy Twenty Four A Limited -PSS3' org_id=14 suborg_id=107 label='Control Room Shift Engineer' phones=['7227069073'] emails=['pss3.khavda@adani.com'] -- Word lists this control room but no row for this station existed in the control_rooms sheet at all
control_rooms,"Added control room row (Word-verified, was missing entirely)","station='Adani Green Energy Twenty Four A Limited -PSS3' org_id=14 suborg_id=107 label='Control Room' phones=['IP No. 20220542', '7227069073'] emails=['pss3.khavda@adani.com'] -- Word lists this control room but no row for this station existed in the control_rooms sheet at all"
control_rooms,"Added control room row (Word-verified, was missing entirely)",station='Adani Green Energy Twenty Six A Limited -PSS3' org_id=14 suborg_id=103 label='Control Room Shift Engineer' phones=['7227069073'] emails=['pss3.khavda@adani.com'] -- Word lists this control room but no row for this station existed in the control_rooms sheet at all
control_rooms,"Added control room row (Word-verified, was missing entirely)","station='Adani Green Energy Twenty Six A Limited -PSS3' org_id=14 suborg_id=103 label='Control Room' phones=['IP No. 20220542', '7227069073'] emails=['pss3.khavda@adani.com'] -- Word lists this control room but no row for this station existed in the control_rooms sheet at all"
control_rooms,"Added control room row (Word-verified, was missing entirely)",station='Adani Green Energy Twenty Six B Limited -PSS3' org_id=14 suborg_id=104 label='Control Room Shift Engineer' phones=['7227069072'] emails=['pss2.khavda@adani.com'] -- Word lists this control room but no row for this station existed in the control_rooms sheet at all
control_rooms,"Added control room row (Word-verified, was missing entirely)","station='Adani Green Energy Twenty Six B Limited -PSS3' org_id=14 suborg_id=104 label='Control Room' phones=['IP No. 20220538', '7227069072'] emails=['pss2.khavda@adani.com'] -- Word lists this control room but no row for this station existed in the control_rooms sheet at all"
control_rooms,"Added control room row (Word-verified, was missing entirely)","station='Adani Power (Mundra) Limited' org_id=16 suborg_id=133 label='APL PH-I Control Room' phones=['02838-266401', '9687660422'] emails=['sic.mundra@adani.com'] -- Word lists this control room but no row for this station existed in the control_rooms sheet at all"
control_rooms,"Added control room row (Word-verified, was missing entirely)","station='Adani Power (Mundra) Limited' org_id=16 suborg_id=133 label='APL PH-II Control Room' phones=['02838-266402', '9687660700'] emails=['sic.mundra@adani.com'] -- Word lists this control room but no row for this station existed in the control_rooms sheet at all"
control_rooms,"Added control room row (Word-verified, was missing entirely)","station='Adani Power (Mundra) Limited' org_id=16 suborg_id=133 label='APL PH-III Control Room' phones=['02838-266403', '9687660919'] emails=['sic660.mundra@adani.com'] -- Word lists this control room but no row for this station existed in the control_rooms sheet at all"
control_rooms,"Added control room row (Word-verified, was missing entirely)","station='Adani Power (Mundra) Limited' org_id=16 suborg_id=133 label='APL PH-IV Control Room' phones=['02838-266404', '9687660990'] emails=['sic660.mundra@adani.com'] -- Word lists this control room but no row for this station existed in the control_rooms sheet at all"
control_rooms,"Added control room row (Word-verified, was missing entirely)",station='Adani Renewable Energy Fifty Five Limited - PSS3' org_id=14 suborg_id=108 label='Control Room Shift Engineer' phones=['7227069073'] emails=['pss3.khavda@adani.com'] -- Word lists this control room but no row for this station existed in the control_rooms sheet at all
control_rooms,"Added control room row (Word-verified, was missing entirely)","station='Adani Renewable Energy Fifty Five Limited - PSS3' org_id=14 suborg_id=108 label='Control Room' phones=['IP No. 20220542', '7227069073'] emails=['pss3.khavda@adani.com'] -- Word lists this control room but no row for this station existed in the control_rooms sheet at all"
control_rooms,"Added control room row (Word-verified, was missing entirely)",station='Adani Renewable Energy Fifty Seven Limited PSS-13' org_id=14 suborg_id=110 label='Control Room Shift Engineer' phones=['7227036279'] emails=['pss13.khavda@adani.com'] -- Word lists this control room but no row for this station existed in the control_rooms sheet at all
control_rooms,"Added control room row (Word-verified, was missing entirely)","station='Adani Renewable Energy Fifty Seven Limited PSS-13' org_id=14 suborg_id=110 label='Control Room' phones=['IP No. 20221526', '7227036279'] emails=['pss13.khavda@adani.com'] -- Word lists this control room but no row for this station existed in the control_rooms sheet at all"
control_rooms,"Added control room row (Word-verified, was missing entirely)",station='Adani Renewable Energy Forty One Limited PSS-13' org_id=14 suborg_id=109 label='Control Room Shift Engineer' phones=['7227036279'] emails=['pss13.khavda@adani.com'] -- Word lists this control room but no row for this station existed in the control_rooms sheet at all
control_rooms,"Added control room row (Word-verified, was missing entirely)","station='Adani Renewable Energy Forty One Limited PSS-13' org_id=14 suborg_id=109 label='Control Room' phones=['IP No. 20221526', '7227036279'] emails=['pss13.khavda@adani.com'] -- Word lists this control room but no row for this station existed in the control_rooms sheet at all"
control_rooms,"Added control room row (Word-verified, was missing entirely)","station='Adani Wind Energy Kutch Four Limited' org_id=14 suborg_id=80 label='Control Room' phones=['IP No 20220535', '6353672066'] emails=['Dedhia.220kvPSS@adani.com'] -- Word lists this control room but no row for this station existed in the control_rooms sheet at all"
control_rooms,"Added control room row (Word-verified, was missing entirely)","station='Adani Wind Energy Kutch One Limited/ AWEKTL/ AWEKFL' org_id=14 suborg_id=55 label='Control Room' phones=['IP No 20221496', '9316735767'] emails=['Ratadiya.220KVPSS@adani.com'] -- Word lists this control room but no row for this station existed in the control_rooms sheet at all"
control_rooms,"Added control room row (Word-verified, was missing entirely)","station='Adani Wind Energy Kutch Three Limited' org_id=14 suborg_id=71 label='Control Room' phones=['IP No 20221496', '9316735767'] emails=['Ratadiya.220KVPSS@adani.com'] -- Word lists this control room but no row for this station existed in the control_rooms sheet at all"
control_rooms,"Added control room row (Word-verified, was missing entirely)","station='Adani Wind Energy MP One Private Limited' org_id=14 suborg_id=79 label='Control Room' phones=['IP No 20220531', '7227065352'] emails=['om.pritamnagar@adani.com'] -- Word lists this control room but no row for this station existed in the control_rooms sheet at all"
control_rooms,"Added control room row (Word-verified, was missing entirely)","station='Alfanar Energy Private Limited' org_id=14 suborg_id=62 label='Control Room' phones=['Hotline- 20220586', '9687042683'] emails=['AEPL.Nanavalka220kV@alfanar.com alfanar.valkanana@alfanar.com'] -- Word lists this control room but no row for this station existed in the control_rooms sheet at all"
control_rooms,"Added control room row (Word-verified, was missing entirely)",station='Ambuja Cements Limited -PSS-4' org_id=14 suborg_id=111 label='Control Room Shift Engineer' phones=['7227078943'] emails=['pss4.khavda@adani.com'] -- Word lists this control room but no row for this station existed in the control_rooms sheet at all
control_rooms,"Added control room row (Word-verified, was missing entirely)","station='Ambuja Cements Limited -PSS-4' org_id=14 suborg_id=111 label='Control Room' phones=['IP No. 20221532', '7227078943'] emails=['pss4.khavda@adani.com'] -- Word lists this control room but no row for this station existed in the control_rooms sheet at all"
control_rooms,"Added control room row (Word-verified, was missing entirely)",station='Arinsun Clean Energy Private Limited' org_id=14 suborg_id=56 label='Control Room' phones=['SCADA VOIP- 20221492 PSS VOIP - 20221485'] emails=[] -- Word lists this control room but no row for this station existed in the control_rooms sheet at all
control_rooms,"Added control room row (Word-verified, was missing entirely)","station='Athena Jaipur Solar Power Private Limited' org_id=14 suborg_id=54 label='Control Room' phones=['20220581', '7067549898'] emails=['actis.acme-rewa250mw@mahindra.com'] -- Word lists this control room but no row for this station existed in the control_rooms sheet at all"
control_rooms,"Added control room row (Word-verified, was missing entirely)","station='Bargi' org_id=3 suborg_id=10 label='Control Room' phones=['Ext-043-71, 0761-2905259'] emails=['seoandmbargi@gmail.com'] -- Word lists this control room but no row for this station existed in the control_rooms sheet at all"
control_rooms,"Added control room row (Word-verified, was missing entirely)","station='Bharat Aluminum Company Limited' org_id=16 suborg_id=135 label='400KV GIS Control room' phones=['07759-252316', '09179027999/ 9981995914'] emails=['balco.gis@vedanta.co.in balco400gis@gmail.com'] -- Word lists this control room but no row for this station existed in the control_rooms sheet at all"
control_rooms,"Added control room row (Word-verified, was missing entirely)",station='Birshingpur' org_id=3 suborg_id=11 label='Control Room' phones=['07655-262428'] emails=['bhpsbrs@gmail.com'] -- Word lists this control room but no row for this station existed in the control_rooms sheet at all
control_rooms,"Added control room row (Word-verified, was missing entirely)",station='Continuum Power Trading Private Limited' org_id=14 suborg_id=64 label='Control Room' phones=[] emails=[] -- Word lists this control room but no row for this station existed in the control_rooms sheet at all
control_rooms,"Added control room row (Word-verified, was missing entirely)",station='DB Power Limited' org_id=16 suborg_id=137 label='Plant Operations Control Room' phones=['91099 50300 91099 50200'] emails=['shiftincharge.raigarh@dbpower.in'] -- Word lists this control room but no row for this station existed in the control_rooms sheet at all
control_rooms,"Added control room row (Word-verified, was missing entirely)","station='DGEN Mega Power Project' org_id=16 suborg_id=138 label='Control Room' phones=['02641 202503', '09099006655'] emails=['dgenoperations@torrentpower.com'] -- Word lists this control room but no row for this station existed in the control_rooms sheet at all"
control_rooms,"Added control room row (Word-verified, was missing entirely)","station='Dadra and Nagar Haveli' org_id=10 suborg_id=None label='Control room' phones=['0260-2406561,562,563', '9081995927'] emails=['sldc.dnh@gmail.com sldc.dnhpdcl@ddd.gov.in'] -- Word lists this control room but no row for this station existed in the control_rooms sheet at all"
control_rooms,"Added control room row (Word-verified, was missing entirely)",station='Dhariwal Infrastructure Limited' org_id=16 suborg_id=139 label='Control Room' phones=['9561112098 /9307900219'] emails=['dilsce@rpsg.in'] -- Word lists this control room but no row for this station existed in the control_rooms sheet at all
control_rooms,"Added control room row (Word-verified, was missing entirely)",station='Dhuvaran' org_id=3 suborg_id=20 label='Control room CCPP-1' phones=['9687673286'] emails=['dtpsecr1ccpp.gsecl@gebmail.com'] -- Word lists this control room but no row for this station existed in the control_rooms sheet at all
control_rooms,"Added control room row (Word-verified, was missing entirely)",station='Dhuvaran' org_id=3 suborg_id=20 label='Control room CCPP-2' phones=['9687672645'] emails=['Dtpsecr2ccpp.gsecl@gebmail.com'] -- Word lists this control room but no row for this station existed in the control_rooms sheet at all
control_rooms,"Added control room row (Word-verified, was missing entirely)",station='Dhuvaran' org_id=3 suborg_id=20 label='Control room CCPP-3' phones=['7567877389'] emails=['Dtpsecr3ccpp.gsecl@gebmail.com'] -- Word lists this control room but no row for this station existed in the control_rooms sheet at all
control_rooms,"Added control room row (Word-verified, was missing entirely)",station='Dongamouha Captive Power Plant (DCPP)' org_id=16 suborg_id=140 label='Control Room' phones=['8085950137'] emails=[] -- Word lists this control room but no row for this station existed in the control_rooms sheet at all
control_rooms,"Added control room row (Word-verified, was missing entirely)",station='Electro Solaire Private Limited' org_id=14 suborg_id=66 label='Control Room' phones=[] emails=['control.espl@engie.com'] -- Word lists this control room but no row for this station existed in the control_rooms sheet at all
control_rooms,"Added control room row (Word-verified, was missing entirely)","station='GIPCL 1 & 2' org_id=3 suborg_id=19 label='Control Room' phones=['02652230182, 02652230183 Fax No. 0265-2231822', '9909035317'] emails=['controlroom1@gipcl.com stn1@gipcl.com'] -- Word lists this control room but no row for this station existed in the control_rooms sheet at all"
control_rooms,Manual review required,"station='Gandhar' label='Control Room' -- Word lists a control room here, but this station name has no exact match in sub_organizations or organizations -- left unchanged"
control_rooms,"Added control room row (Word-verified, was missing entirely)","station='Gandhi Sagar' org_id=3 suborg_id=8 label='Control Room' phones=['07427-239118/237256, 237212, 9425805340'] emails=['acegsps@rediffmail.com'] -- Word lists this control room but no row for this station existed in the control_rooms sheet at all"
control_rooms,"Added control room row (Word-verified, was missing entirely)",station='Ghatghar' org_id=3 suborg_id=26 label='Control Room' phones=['02527-235310/311 8411956540 / 8411006637/ 8411956542'] emails=['eeghatghar@gmail.com eeghatghar2@gmail.com'] -- Word lists this control room but no row for this station existed in the control_rooms sheet at all
control_rooms,"Added control room row (Word-verified, was missing entirely)",station='Green Infra Wind Energy Limited SECI –II & SECI -II' org_id=14 suborg_id=57 label='Control Room' phones=['+91 124 3896711'] emails=['IND.VBROPERATIONS@sembcorp.com'] -- Word lists this control room but no row for this station existed in the control_rooms sheet at all
control_rooms,"Added control room row (Word-verified, was missing entirely)",station='Gujarat Industries Power Company Limited' org_id=14 suborg_id=65 label='Control Room' phones=[] emails=['re-onm@gipcl.com'] -- Word lists this control room but no row for this station existed in the control_rooms sheet at all
control_rooms,"Added control room row (Word-verified, was missing entirely)","station='Gujarat State Load Despatch Centre' org_id=5 suborg_id=None label='Control Room' phones=['0265 - 2352103, 6531132 Fax 0265 - 2352019, 2356469', '9879200620'] emails=['sldc.getco@gmail.com'] -- Word lists this control room but no row for this station existed in the control_rooms sheet at all"
control_rooms,"Added control room row (Word-verified, was missing entirely)",station='Hasdeo Bango' org_id=3 suborg_id=31 label='Control Room' phones=['7647820424'] emails=[] -- Word lists this control room but no row for this station existed in the control_rooms sheet at all
control_rooms,"Added control room row (Word-verified, was missing entirely)",station='INOX Green Energy Services Limited' org_id=14 suborg_id=58 label='Control Room' phones=['6354226804'] emails=['avc.dayapar@inoxwind.com'] -- Word lists this control room but no row for this station existed in the control_rooms sheet at all
control_rooms,"Added control room row (Word-verified, was missing entirely)",station='India Grid Trust (IndiGrid)' org_id=17 suborg_id=159 label='Central Control Room' phones=['8959590943'] emails=['operations@indigrid.com'] -- Word lists this control room but no row for this station existed in the control_rooms sheet at all
control_rooms,"Added control room row (Word-verified, was missing entirely)","station='Indira Sagar' org_id=3 suborg_id=7 label='Control Room' phones=['07323-284542/ 284719, 9425326298', '9893376719'] emails=['nhdc_isp@rediffmail.com nhdc_isp@yahoo.com'] -- Word lists this control room but no row for this station existed in the control_rooms sheet at all"
control_rooms,"Added control room row (Word-verified, was missing entirely)","station='Jindal Power Limited' org_id=17 suborg_id=180 label='Control Room' phones=['7583804700'] emails=['shiftincharge.jpl@jhabuapower.co.in, shiftincharge.jhabuapower@gmail.com'] -- Word lists this control room but no row for this station existed in the control_rooms sheet at all"
control_rooms,"Added control room row (Word-verified, was missing entirely)",station='Kadana' org_id=3 suborg_id=18 label='Control Room' phones=['02675-237554/ 9925213774/9979889925'] emails=['eeshift.kadana@gebmail.com; khep@gebmail.com; eemmd.kadana@gebmail.com'] -- Word lists this control room but no row for this station existed in the control_rooms sheet at all
control_rooms,Manual review required,"station='Kawas' label='Control Room' -- Word lists a control room here, but this station name has no exact match in sub_organizations or organizations -- left unchanged"
control_rooms,"Added control room row (Word-verified, was missing entirely)","station='Koyna, Pophali' org_id=3 suborg_id=25 label='Control Room' phones=['8408880569 / 02355235005 / 02355235311'] emails=[] -- Word lists this control room but no row for this station existed in the control_rooms sheet at all"
control_rooms,"Added control room row (Word-verified, was missing entirely)",station='Mahan Energen Limited (Formally Essar Power (MP) Limited' org_id=16 suborg_id=141 label='Switchyard Control Room (SCR)' phones=['8966902950'] emails=['scr.mel@adani.com'] -- Word lists this control room but no row for this station existed in the control_rooms sheet at all
control_rooms,"Added control room row (Word-verified, was missing entirely)",station='Mahan Energen Limited (Formally Essar Power (MP) Limited' org_id=16 suborg_id=141 label='Central Control Room (CCR)' phones=['8966902987'] emails=['ccr.mel@adani.com'] -- Word lists this control room but no row for this station existed in the control_rooms sheet at all
control_rooms,"Added control room row (Word-verified, was missing entirely)","station='Maharashtra State Load Despatch Centre' org_id=4 suborg_id=None label='SLDC-Control room' phones=['022-27601765/66, 27602936', '9619892010/ 9819892095'] emails=['cesldc@mahasldc.in'] -- Word lists this control room but no row for this station existed in the control_rooms sheet at all"
control_rooms,"Added control room row (Word-verified, was missing entirely)","station='Maharashtra State Load Despatch Centre' org_id=4 suborg_id=None label='ALDC Control Room' phones=['07104-221242', '8554993367, 8554900000'] emails=['ldambazari@gmail.com'] -- Word lists this control room but no row for this station existed in the control_rooms sheet at all"
control_rooms,"Added control room row (Word-verified, was missing entirely)",station='Maharashtra State Load Despatch Centre' org_id=4 suborg_id=None label='Control Room' phones=['9106575343'] emails=['morjar.powerevacuation@continuumenergy.in'] -- Word lists this control room but no row for this station existed in the control_rooms sheet at all
control_rooms,"Added control room row (Word-verified, was missing entirely)",station='Mahindra Renewables Private Limited' org_id=14 suborg_id=59 label='Control Room' phones=['7489311988'] emails=['MRPL-250MWMP@mahindra.com'] -- Word lists this control room but no row for this station existed in the control_rooms sheet at all
control_rooms,"Added control room row (Word-verified, was missing entirely)",station='Manikheda' org_id=3 suborg_id=14 label='Control Room' phones=['9425318160'] emails=['semhps@gmail.com'] -- Word lists this control room but no row for this station existed in the control_rooms sheet at all
control_rooms,"Added control room row (Word-verified, was missing entirely)","station='Mini Hydro' org_id=3 suborg_id=22 label='Control Room' phones=['02624-233510', '9712921574'] emails=['ukaihps.gsecl@gebmail.com'] -- Word lists this control room but no row for this station existed in the control_rooms sheet at all"
control_rooms,"Added control room row (Word-verified, was missing entirely)","station='NLDC and RLDCs' org_id=1 suborg_id=None label='CONTROL ROOM' phones=['011-26536832,26524522,32026900 FAX 011- 26524525 /26536901'] emails=['posococc@grid-india.in systemoperationd@rediffmail.com nldccr@grid-india.in'] -- Word lists this control room but no row for this station existed in the control_rooms sheet at all"
control_rooms,"Added control room row (Word-verified, was missing entirely)",station='NTPC Gadarwara' org_id=12 suborg_id=44 label='Control Room' phones=['9111022802'] emails=['scegadarwara@ntpc.co.in'] -- Word lists this control room but no row for this station existed in the control_rooms sheet at all
control_rooms,"Added control room row (Word-verified, was missing entirely)",station='NTPC Khargone' org_id=12 suborg_id=45 label='Control Room' phones=['07440200041'] emails=['kgnopnccr@ntpc.co.in'] -- Word lists this control room but no row for this station existed in the control_rooms sheet at all
control_rooms,"Added control room row (Word-verified, was missing entirely)","station='Omkareshwar' org_id=3 suborg_id=12 label='Control Room' phones=['07280-280393/ 270732', '07280-271730', '7898703187'] emails=['omkareshwar.nhdc@gmail.com'] -- Word lists this control room but no row for this station existed in the control_rooms sheet at all"
control_rooms,"Added control room row (Word-verified, was missing entirely)",station='Ostro Kutch Wind Private Limited' org_id=14 suborg_id=60 label='Control Room' phones=['8849756108'] emails=['GJ_RPC3@renewpower.in OKWPL@renewpower.in'] -- Word lists this control room but no row for this station existed in the control_rooms sheet at all
control_rooms,"Added control room row (Word-verified, was missing entirely)",station='Paithan' org_id=3 suborg_id=29 label='Control Room' phones=['02431-224699'] emails=['hydropaithan@gmail.com'] -- Word lists this control room but no row for this station existed in the control_rooms sheet at all
control_rooms,"Added control room row (Word-verified, was missing entirely)",station='Pench' org_id=3 suborg_id=9 label='Control Room Pench' phones=['9977507928'] emails=['sepench@rediffmail.com'] -- Word lists this control room but no row for this station existed in the control_rooms sheet at all
control_rooms,"Added control room row (Word-verified, was missing entirely)",station='Pench' org_id=3 suborg_id=9 label='Control Room Lakhnadaun S/s' phones=['07690-291321'] emails=[] -- Word lists this control room but no row for this station existed in the control_rooms sheet at all
control_rooms,"Added control room row (Word-verified, was missing entirely)","station='Powerica Limited' org_id=14 suborg_id=75 label='Control Room' phones=['IP No.20221503', '6353450165'] emails=['manza.ss@powericaltd.com'] -- Word lists this control room but no row for this station existed in the control_rooms sheet at all"
control_rooms,"Added control room row (Word-verified, was missing entirely)",station='Qualified Coordinating Agency' org_id=15 suborg_id=None label='· QCA Control Room · Manish Kumar' phones=['7227020882 6358852478'] emails=['headops@manikarananalytics.in'] -- Word lists this control room but no row for this station existed in the control_rooms sheet at all
control_rooms,"Added control room row (Word-verified, was missing entirely)",station='Qualified Coordinating Agency' org_id=15 suborg_id=None label='· Khavda Control Room · QCA Control Room · Sulabh Shah' phones=['7041226638 7227020882 8238256100'] emails=['enoc.khavda@adani.com renewableenergy.scheduling@adani.com sulabh.shah@adani.com'] -- Word lists this control room but no row for this station existed in the control_rooms sheet at all
control_rooms,"Added control room row (Word-verified, was missing entirely)",station='Qualified Coordinating Agency' org_id=15 suborg_id=None label='· QCA Control Room · Atul Kumar Jadhav' phones=['7227020882 7227073766'] emails=['renewableenergy.scheduling@adani.com atulkumar.jadhav@adani.com'] -- Word lists this control room but no row for this station existed in the control_rooms sheet at all
control_rooms,"Added control room row (Word-verified, was missing entirely)","station='RGPPL' org_id=3 suborg_id=28 label='Control Room' phones=['02359-241120', '8007060703'] emails=['sce.rgppl@gmail.com'] -- Word lists this control room but no row for this station existed in the control_rooms sheet at all"
control_rooms,"Added control room row (Word-verified, was missing entirely)",station='Raigarh Energy Generation Limited' org_id=16 suborg_id=150 label='Switchyard Control Room' phones=['6232005449'] emails=['Reglshift.Operation@adani.com'] -- Word lists this control room but no row for this station existed in the control_rooms sheet at all
control_rooms,"Added control room row (Word-verified, was missing entirely)",station='Rajghat' org_id=3 suborg_id=15 label='Control Room' phones=['7974769515'] emails=['serhps@gmail.com'] -- Word lists this control room but no row for this station existed in the control_rooms sheet at all
control_rooms,"Added control room row (Word-verified, was missing entirely)",station='ReNew Power Limited' org_id=14 suborg_id=61 label='Control Room' phones=['8849756108'] emails=['GJ_RPC3@renewpower.in bhuvad.substation@renew.com'] -- Word lists this control room but no row for this station existed in the control_rooms sheet at all
control_rooms,"Added control room row (Word-verified, was missing entirely)",station='ReNew Wind Energy (AP2) Private Limited' org_id=14 suborg_id=63 label='Control Room' phones=['8849756108'] emails=['GJ_RPC3@renewpower.in'] -- Word lists this control room but no row for this station existed in the control_rooms sheet at all
control_rooms,"Added control room row (Word-verified, was missing entirely)",station='SASAN Power Limited' org_id=16 suborg_id=154 label='SIC Control Room' phones=['8770890431'] emails=['sasan.sic@relianceada.com'] -- Word lists this control room but no row for this station existed in the control_rooms sheet at all
control_rooms,"Added control room row (Word-verified, was missing entirely)",station='SASAN Power Limited' org_id=16 suborg_id=154 label='Switchyard Control Room' phones=['7583896091'] emails=['Sasan.switchyard@relianceada.com'] -- Word lists this control room but no row for this station existed in the control_rooms sheet at all
control_rooms,Manual review required,"station='SSNNL' label='Control Room' -- Word lists a control room here, but this station name has no exact match in sub_organizations or organizations -- left unchanged"
control_rooms,Manual review required,"station='SSP' label='SCE, RBPH CONTROL ROOM' -- Word lists a control room here, but this station name has no exact match in sub_organizations or organizations -- left unchanged"
control_rooms,Manual review required,"station='SSP' label='SCE, CHPH, CONTROL ROOM' -- Word lists a control room here, but this station name has no exact match in sub_organizations or organizations -- left unchanged"
control_rooms,Manual review required,"station='SSP' label='EMC, Control Room, Indore' -- Word lists a control room here, but this station name has no exact match in sub_organizations or organizations -- left unchanged"
control_rooms,"Added control room row (Word-verified, was missing entirely)","station='Solapur Solar PV Project' org_id=14 suborg_id=78 label='CCR-Control Room' phones=['0217- 2252611;021 7-2461303', '9607905386'] emails=['sceccrsolapur@gmail.com'] -- Word lists this control room but no row for this station existed in the control_rooms sheet at all"
control_rooms,"Added control room row (Word-verified, was missing entirely)","station='Sterlite Power Transmission Limited' org_id=17 suborg_id=167 label='Sterlite Operation Control Room' phones=['VOIP- 20112552', '0124 4562083', '9870231888 & 8109617520'] emails=['grid.operation@sterlitepower.in'] -- Word lists this control room but no row for this station existed in the control_rooms sheet at all"
control_rooms,"Added control room row (Word-verified, was missing entirely)",station='Sugen' org_id=3 suborg_id=21 label='Control Room Office' phones=['02621-661664/Fax No. 02621 - 661654'] emails=['sugenoperations@torrentpower.com'] -- Word lists this control room but no row for this station existed in the control_rooms sheet at all
control_rooms,Manual review required,"station='Synopsis of Important Telephone Numbers' label='Control Room' -- Word lists a control room here, but this station name has no exact match in sub_organizations or organizations -- left unchanged"
control_rooms,Manual review required,"station='Synopsis of Important Telephone Numbers' label='SLDC-Control room' -- Word lists a control room here, but this station name has no exact match in sub_organizations or organizations -- left unchanged"
control_rooms,Manual review required,"station='Synopsis of Important Telephone Numbers' label='Control Room' -- Word lists a control room here, but this station name has no exact match in sub_organizations or organizations -- left unchanged"
control_rooms,Manual review required,"station='Synopsis of Important Telephone Numbers' label='Control room' -- Word lists a control room here, but this station name has no exact match in sub_organizations or organizations -- left unchanged"
control_rooms,Manual review required,"station='Synopsis of Important Telephone Numbers' label='Control Room' -- Word lists a control room here, but this station name has no exact match in sub_organizations or organizations -- left unchanged"
control_rooms,"Added control room row (Word-verified, was missing entirely)","station='TP Saurya Limited Unit-1' org_id=14 suborg_id=93 label='Forecasting & Scheduling Control Room' phones=['(022)67171159 (022)67171180', '8657896781'] emails=['tprel.fns@tatapower.com'] -- Word lists this control room but no row for this station existed in the control_rooms sheet at all"
control_rooms,"Added control room row (Word-verified, was missing entirely)",station='TP Saurya Limited Unit-1' org_id=14 suborg_id=93 label='RUMSL Unit-1 Site Control Room' phones=['8655972335'] emails=['tpsauryaltdbardawada@tatapower.com'] -- Word lists this control room but no row for this station existed in the control_rooms sheet at all
control_rooms,"Added control room row (Word-verified, was missing entirely)","station='TP Saurya Limited Unit-2' org_id=14 suborg_id=94 label='Forecasting & Scheduling Control Room' phones=['(022)67171159 (022)67171180', '8657896781'] emails=['tprel.fns@tatapower.com'] -- Word lists this control room but no row for this station existed in the control_rooms sheet at all"
control_rooms,"Added control room row (Word-verified, was missing entirely)",station='TP Saurya Limited Unit-2' org_id=14 suborg_id=94 label='RUMSL Unit-2 Site Control Room' phones=['8655972334'] emails=['tpsauryaltdkawai@tatapower.com'] -- Word lists this control room but no row for this station existed in the control_rooms sheet at all
control_rooms,"Added control room row (Word-verified, was missing entirely)",station='TRN Energy Private Limited' org_id=16 suborg_id=156 label='Switchyard Control Room' phones=['6265223817'] emails=['400kvswitchyard@trnenergy.com'] -- Word lists this control room but no row for this station existed in the control_rooms sheet at all
control_rooms,"Added control room row (Word-verified, was missing entirely)","station='TRN Energy Private Limited' org_id=16 suborg_id=156 label='SCE, Central Control Room' phones=['7470444273'] emails=['shiftincharge@trnenergy.com shiftcharge.trnenergy@gmail.com'] -- Word lists this control room but no row for this station existed in the control_rooms sheet at all"
control_rooms,"Added control room row (Word-verified, was missing entirely)","station='The Tata Power Co Limited Mundra (MTPS)' org_id=16 suborg_id=136 label='CGPL Central Control Room' phones=['02838-661188', '9099006477, 02838-678043'] emails=['cgplshiftincharge@tatapower.com'] -- Word lists this control room but no row for this station existed in the control_rooms sheet at all"
control_rooms,"Added control room row (Word-verified, was missing entirely)",station='Tons' org_id=3 suborg_id=13 label='Control Room' phones=['7879695423'] emails=['seonmtonssirmour@yahoo.co.in'] -- Word lists this control room but no row for this station existed in the control_rooms sheet at all
control_rooms,"Added control room row (Word-verified, was missing entirely)","station='Trombay' org_id=3 suborg_id=27 label='Control Room' phones=['022-66687091 / 25543331 / 67175377', 'Fax - 022-67175385'] emails=['pscc@tatapower.com'] -- Word lists this control room but no row for this station existed in the control_rooms sheet at all"
control_rooms,"Added control room row (Word-verified, was missing entirely)",station='UKAI' org_id=3 suborg_id=16 label='Ukai Thermal Control room' phones=['9925235934'] emails=['400kvukai.gsecl@gebmail.com'] -- Word lists this control room but no row for this station existed in the control_rooms sheet at all
control_rooms,"Added control room row (Word-verified, was missing entirely)","station='UKAI' org_id=3 suborg_id=16 label='Hydro Control Room' phones=['02624-233510', '9712921574'] emails=['ukaihps.gsecl@gebmail.com'] -- Word lists this control room but no row for this station existed in the control_rooms sheet at all"
control_rooms,"Added control room row (Word-verified, was missing entirely)","station='UKAI' org_id=3 suborg_id=16 label='Mini Hydro Control Room' phones=['02624-233510', '9712921698'] emails=['ukaihps.gsecl@gebmail.com'] -- Word lists this control room but no row for this station existed in the control_rooms sheet at all"
control_rooms,"Added control room row (Word-verified, was missing entirely)","station='Uran' org_id=3 suborg_id=30 label='Control Room' phones=['8879620047/ 48/ 49 & 022-27222235', '09930144837'] emails=['eeticgtpsuran@mahagenco.in'] -- Word lists this control room but no row for this station existed in the control_rooms sheet at all"
control_rooms,Repaired shifted row (Word-verified relocation),"id=153 old_label='50 MW Control Room' old_address='None' old_state='None' -- relocated via its own content to station 'ACB (India) Limited', org_id=16 suborg_id=129 -- rewrote to label='50 MW Control Room' phones=[] emails=['scplswitchyard.2x50@acbindia.com scploperation.2x50@acbindia.com']"
switchyards,Repaired shifted row (Word-verified relocation),"id=10 old_label='09302187737 / Orange no: 20221416' old_address='Chhattisgarh' old_state='400/132 KV Switch yard Control Room' -- relocated via its own content to station 'ACB (India) Limited', org_id=16 suborg_id=129 -- rewrote to label='400/132 KV Switch yard Control Room' phones=['09302187737 / Orange no: 20221416'] emails=['switchyard.270@acbindia.com']"
switchyards,Repaired shifted row (Word-verified relocation),"id=13 old_label='7583896091' old_address='Madhya Pradesh' old_state='Switchyard Control Room' -- relocated via its own content to station 'SASAN Power Limited', org_id=16 suborg_id=154 -- rewrote to label='Switchyard Control Room' phones=['7583896091'] emails=['Sasan.switchyard@relianceada.com']"
switchyards,Repaired shifted row (Word-verified relocation),"id=14 old_label='6265223817' old_address='Haryana' old_state='Switchyard Control Room' -- relocated via its own content to station 'TRN Energy Private Limited', org_id=16 suborg_id=156 -- rewrote to label='Switchyard Control Room' phones=['6265223817'] emails=['400kvswitchyard@trnenergy.com']"
