table,row_id,field,old_value,new_value,reason,timestamp
directory_numbers,7675,phone_number,Control Room / Control Room / 8408880569 / 02355235005 / 02355235311,Control Room / 8408880569 / 02355235005 / 02355235311,"duplicated_phone fix, origin=introduced_during_import (clean in Word, dirty only in the app -- unambiguous import bug per reports/word_vs_app_cleanliness.csv): exact-repeat segment(s) removed, order preserved, no other segment touched.",2026-08-27
directory_numbers,7846,phone_number,02525-265510/ 265404 / NA / NA,02525-265510 / 265404 / NA,"duplicated_phone fix, origin=introduced_during_import (clean in Word, dirty only in the app -- unambiguous import bug per reports/word_vs_app_cleanliness.csv): exact-repeat segment(s) removed, order preserved, no other segment touched.",2026-08-27
directory_numbers,7654,name,NLDC And RLDCs,NLDC (National Load Despatch Centre),"possible_duplicate_row resolution: all 5 rows under org 6290 shared the generic name 'NLDC And RLDCs', which full_data_quality_audit.py's normalized-name grouping flagged as a possible duplicate. Inspecting phone/email content showed each row is a distinct real regional despatch centre (this one identified by email 'posococc@grid-india.in systemoperationd@rediffmail.com nldccr@grid-india.in'), not a copy-paste duplicate -- renamed to its specific centre instead of merging/deleting, per reports/fix_proposal_duplicate_rows.csv. 0 rows deleted.",2026-08-27
directory_numbers,7655,name,NLDC And RLDCs,NRLDC (Northern Regional Load Despatch Centre),"possible_duplicate_row resolution: all 5 rows under org 6290 shared the generic name 'NLDC And RLDCs', which full_data_quality_audit.py's normalized-name grouping flagged as a possible duplicate. Inspecting phone/email content showed each row is a distinct real regional despatch centre (this one identified by email 'nrldccr@grid-india.in, nrldcso@grid-india.in'), not a copy-paste duplicate -- renamed to its specific centre instead of merging/deleting, per reports/fix_proposal_duplicate_rows.csv. 0 rows deleted.",2026-08-27
directory_numbers,7656,name,NLDC And RLDCs,ERLDC (Eastern Regional Load Despatch Centre),"possible_duplicate_row resolution: all 5 rows under org 6290 shared the generic name 'NLDC And RLDCs', which full_data_quality_audit.py's normalized-name grouping flagged as a possible duplicate. Inspecting phone/email content showed each row is a distinct real regional despatch centre (this one identified by email 'erldc@grid-india.in erldc@vsnl.com erldcinfo@grid-india.in'), not a copy-paste duplicate -- renamed to its specific centre instead of merging/deleting, per reports/fix_proposal_duplicate_rows.csv. 0 rows deleted.",2026-08-27
directory_numbers,7657,name,NLDC And RLDCs,SRLDC (Southern Regional Load Despatch Centre),"possible_duplicate_row resolution: all 5 rows under org 6290 shared the generic name 'NLDC And RLDCs', which full_data_quality_audit.py's normalized-name grouping flagged as a possible duplicate. Inspecting phone/email content showed each row is a distinct real regional despatch centre (this one identified by email 'srldccr@grid-india.in srldccroom@gmail.com croom@srldc.org'), not a copy-paste duplicate -- renamed to its specific centre instead of merging/deleting, per reports/fix_proposal_duplicate_rows.csv. 0 rows deleted.",2026-08-27
directory_numbers,7658,name,NLDC And RLDCs,NERLDC (North Eastern Regional Load Despatch Centre),"possible_duplicate_row resolution: all 5 rows under org 6290 shared the generic name 'NLDC And RLDCs', which full_data_quality_audit.py's normalized-name grouping flagged as a possible duplicate. Inspecting phone/email content showed each row is a distinct real regional despatch centre (this one identified by email 'nerldc@grid-india.in nerldc1@sancharnet.in'), not a copy-paste duplicate -- renamed to its specific centre instead of merging/deleting, per reports/fix_proposal_duplicate_rows.csv. 0 rows deleted.",2026-08-27
directory_numbers,7659,name,2. Gandhi Sagar,Gandhi Sagar,"numbered_prefix strip: leading Word-section-heading number removed from the name field. Confirmed inert before applying -- no export/grouping/display logic in routes/user_routes.py, services/pdf_generator.py, or services/excel_generator.py sorts by or depends on DirectoryNumber.name, and this row is the sole (organization_id, category) record for its station, so there was no sibling row the number could have been ordering against.",2026-08-27
directory_numbers,7660,name,5. Birshingpur,Birshingpur,"numbered_prefix strip: leading Word-section-heading number removed from the name field. Confirmed inert before applying -- no export/grouping/display logic in routes/user_routes.py, services/pdf_generator.py, or services/excel_generator.py sorts by or depends on DirectoryNumber.name, and this row is the sole (organization_id, category) record for its station, so there was no sibling row the number could have been ordering against.",2026-08-27
directory_numbers,7662,name,7. Tons,Tons,"numbered_prefix strip: leading Word-section-heading number removed from the name field. Confirmed inert before applying -- no export/grouping/display logic in routes/user_routes.py, services/pdf_generator.py, or services/excel_generator.py sorts by or depends on DirectoryNumber.name, and this row is the sole (organization_id, category) record for its station, so there was no sibling row the number could have been ordering against.",2026-08-27
directory_numbers,7663,name,8. Manikheda,Manikheda,"numbered_prefix strip: leading Word-section-heading number removed from the name field. Confirmed inert before applying -- no export/grouping/display logic in routes/user_routes.py, services/pdf_generator.py, or services/excel_generator.py sorts by or depends on DirectoryNumber.name, and this row is the sole (organization_id, category) record for its station, so there was no sibling row the number could have been ordering against.",2026-08-27
directory_numbers,7666,name,12. Kadana,Kadana,"numbered_prefix strip: leading Word-section-heading number removed from the name field. Confirmed inert before applying -- no export/grouping/display logic in routes/user_routes.py, services/pdf_generator.py, or services/excel_generator.py sorts by or depends on DirectoryNumber.name, and this row is the sole (organization_id, category) record for its station, so there was no sibling row the number could have been ordering against.",2026-08-27
directory_numbers,7667,name,13. GIPCL 1 & 2,GIPCL 1 & 2,"numbered_prefix strip: leading Word-section-heading number removed from the name field. Confirmed inert before applying -- no export/grouping/display logic in routes/user_routes.py, services/pdf_generator.py, or services/excel_generator.py sorts by or depends on DirectoryNumber.name, and this row is the sole (organization_id, category) record for its station, so there was no sibling row the number could have been ordering against.",2026-08-27
directory_numbers,7674,name,18. Bhira,Bhira,"numbered_prefix strip: leading Word-section-heading number removed from the name field. Confirmed inert before applying -- no export/grouping/display logic in routes/user_routes.py, services/pdf_generator.py, or services/excel_generator.py sorts by or depends on DirectoryNumber.name, and this row is the sole (organization_id, category) record for its station, so there was no sibling row the number could have been ordering against.",2026-08-27
directory_numbers,7675,name,"19. Koyna, Pophali","Koyna, Pophali","numbered_prefix strip: leading Word-section-heading number removed from the name field. Confirmed inert before applying -- no export/grouping/display logic in routes/user_routes.py, services/pdf_generator.py, or services/excel_generator.py sorts by or depends on DirectoryNumber.name, and this row is the sole (organization_id, category) record for its station, so there was no sibling row the number could have been ordering against.",2026-08-27
directory_numbers,7676,name,20.Ghatghar,Ghatghar,"numbered_prefix strip: leading Word-section-heading number removed from the name field. Confirmed inert before applying -- no export/grouping/display logic in routes/user_routes.py, services/pdf_generator.py, or services/excel_generator.py sorts by or depends on DirectoryNumber.name, and this row is the sole (organization_id, category) record for its station, so there was no sibling row the number could have been ordering against.",2026-08-27
directory_numbers,7677,name,21.Trombay,Trombay,"numbered_prefix strip: leading Word-section-heading number removed from the name field. Confirmed inert before applying -- no export/grouping/display logic in routes/user_routes.py, services/pdf_generator.py, or services/excel_generator.py sorts by or depends on DirectoryNumber.name, and this row is the sole (organization_id, category) record for its station, so there was no sibling row the number could have been ordering against.",2026-08-27
directory_numbers,7678,name,22. RGPPL,RGPPL,"numbered_prefix strip: leading Word-section-heading number removed from the name field. Confirmed inert before applying -- no export/grouping/display logic in routes/user_routes.py, services/pdf_generator.py, or services/excel_generator.py sorts by or depends on DirectoryNumber.name, and this row is the sole (organization_id, category) record for its station, so there was no sibling row the number could have been ordering against.",2026-08-27
directory_numbers,7679,name,23. Paithan,Paithan,"numbered_prefix strip: leading Word-section-heading number removed from the name field. Confirmed inert before applying -- no export/grouping/display logic in routes/user_routes.py, services/pdf_generator.py, or services/excel_generator.py sorts by or depends on DirectoryNumber.name, and this row is the sole (organization_id, category) record for its station, so there was no sibling row the number could have been ordering against.",2026-08-27
directory_numbers,7680,name,24. Uran,Uran,"numbered_prefix strip: leading Word-section-heading number removed from the name field. Confirmed inert before applying -- no export/grouping/display logic in routes/user_routes.py, services/pdf_generator.py, or services/excel_generator.py sorts by or depends on DirectoryNumber.name, and this row is the sole (organization_id, category) record for its station, so there was no sibling row the number could have been ordering against.",2026-08-27
directory_numbers,7653,phone_number,9869281317 Fax No. 022- 28202693/30 / 9869281317 Fax No. 022- 28202693/30 / 9320399988 8356846298,9869281317 Fax No. 022- 28202693 / 30 / 9320399988 8356846298,"duplicated_phone fix, origin=originated_in_word/mixed: exact-repeat segment(s) removed, order preserved, no other segment touched. Word itself already carries the same or a related issue for this station, but approved decision: app data should be clean regardless of source-document messiness.",2026-08-27
directory_numbers,7659,phone_number,"07427-239118/237256, 237212, 9425805340 / 07427-239118/237256, 237212, 9425805340 / 07427-239118/237256, 237212, 9425805340",07427-239118 / 237256 / 237212 / 9425805340,"duplicated_phone fix, origin=originated_in_word/mixed: exact-repeat segment(s) removed, order preserved, no other segment touched. Word itself already carries the same or a related issue for this station, but approved decision: app data should be clean regardless of source-document messiness.",2026-08-27
directory_numbers,7660,phone_number,07655-262428 / 07655-262428 / 07655-262428,07655-262428,"duplicated_phone fix, origin=originated_in_word/mixed: exact-repeat segment(s) removed, order preserved, no other segment touched. Word itself already carries the same or a related issue for this station, but approved decision: app data should be clean regardless of source-document messiness.",2026-08-27
directory_numbers,7666,phone_number,02675-237554/ 9925213774/9979889925 / 02675-237554/ 9925213774/9979889925 / 02675-237554/ 9925213774/9979889925,02675-237554 / 9925213774 / 9979889925,"duplicated_phone fix, origin=originated_in_word/mixed: exact-repeat segment(s) removed, order preserved, no other segment touched. Word itself already carries the same or a related issue for this station, but approved decision: app data should be clean regardless of source-document messiness.",2026-08-27
directory_numbers,7667,phone_number,"02652230182, 02652230183 Fax No. 0265-2231822 / 02652230182, 02652230183 Fax No. 0265-2231822 / 9909035317",02652230182 / 02652230183 Fax No. 0265-2231822 / 9909035317,"duplicated_phone fix, origin=originated_in_word/mixed: exact-repeat segment(s) removed, order preserved, no other segment touched. Word itself already carries the same or a related issue for this station, but approved decision: app data should be clean regardless of source-document messiness.",2026-08-27
directory_numbers,7671,phone_number,02621-661664/Fax No. 02621 - 661654 / 02621-661664/Fax No. 02621 - 661654 / 02621-661664/Fax No. 02621 - 661654,02621-661664 / Fax No. 02621 - 661654,"duplicated_phone fix, origin=originated_in_word/mixed: exact-repeat segment(s) removed, order preserved, no other segment touched. Word itself already carries the same or a related issue for this station, but approved decision: app data should be clean regardless of source-document messiness.",2026-08-27
directory_numbers,7672,phone_number,02624-233510 / 02624-233510 / 9712921574,02624-233510 / 9712921574,"duplicated_phone fix, origin=originated_in_word/mixed: exact-repeat segment(s) removed, order preserved, no other segment touched. Word itself already carries the same or a related issue for this station, but approved decision: app data should be clean regardless of source-document messiness.",2026-08-27
directory_numbers,7674,phone_number,022-66687091 / 022-25543331 / 022 - 67175377 Fax - 022-67175385 / 022-66687091 / 022-25543331 / 022 - 67175377 Fax - 022-67175385 / 022-66687091 / 022-25543331 / 022 - 67175377 Fax - 022-67175385,022-66687091 / 022-25543331 / 022 - 67175377 Fax - 022-67175385,"duplicated_phone fix, origin=originated_in_word/mixed: exact-repeat segment(s) removed, order preserved, no other segment touched. Word itself already carries the same or a related issue for this station, but approved decision: app data should be clean regardless of source-document messiness.",2026-08-27
directory_numbers,7676,phone_number,02527-235310/311 8411956540 / 8411006637/ 8411956542 / 02527-235310/311 8411956540 / 8411006637/ 8411956542 / 02527-235310/311 8411956540 / 8411006637/ 8411956542,02527-235310 / 311 8411956540 / 8411006637 / 8411956542,"duplicated_phone fix, origin=originated_in_word/mixed: exact-repeat segment(s) removed, order preserved, no other segment touched. Word itself already carries the same or a related issue for this station, but approved decision: app data should be clean regardless of source-document messiness.",2026-08-27
directory_numbers,7678,phone_number,02359-241120 / 02359-241120 / 8007060703,02359-241120 / 8007060703,"duplicated_phone fix, origin=originated_in_word/mixed: exact-repeat segment(s) removed, order preserved, no other segment touched. Word itself already carries the same or a related issue for this station, but approved decision: app data should be clean regardless of source-document messiness.",2026-08-27
directory_numbers,7680,phone_number,8879620047/ 48/ 49 & 022-27222235 / 8879620047/ 48/ 49 & 022-27222235 / 09930144837,8879620047 / 48 / 49 & 022-27222235 / 09930144837,"duplicated_phone fix, origin=originated_in_word/mixed: exact-repeat segment(s) removed, order preserved, no other segment touched. Word itself already carries the same or a related issue for this station, but approved decision: app data should be clean regardless of source-document messiness.",2026-08-27
directory_numbers,7686,phone_number,0761 - 2970601/0761-2668586/2706800 0761-2664343/2660015 / 0761 - 2970601/0761-2668586/2706800 0761-2664343/2660015 / 9425806598,0761 - 2970601 / 0761-2668586 / 2706800 0761-2664343 / 2660015 / 9425806598,"duplicated_phone fix, origin=originated_in_word/mixed: exact-repeat segment(s) removed, order preserved, no other segment touched. Word itself already carries the same or a related issue for this station, but approved decision: app data should be clean regardless of source-document messiness.",2026-08-27
directory_numbers,7691,phone_number,9909976436 / 9909976436 / 9909976436,9909976436,"duplicated_phone fix, origin=originated_in_word/mixed: exact-repeat segment(s) removed, order preserved, no other segment touched. Word itself already carries the same or a related issue for this station, but approved decision: app data should be clean regardless of source-document messiness.",2026-08-27
directory_numbers,7694,phone_number,0261-2860375 FAX 0261- 2861428 / 0261-2860375 FAX 0261- 2861428 / 9426810249,0261-2860375 FAX 0261- 2861428 / 9426810249,"duplicated_phone fix, origin=originated_in_word/mixed: exact-repeat segment(s) removed, order preserved, no other segment touched. Word itself already carries the same or a related issue for this station, but approved decision: app data should be clean regardless of source-document messiness.",2026-08-27
directory_numbers,7695,phone_number,7588184339/ 8275045123 / 7588184339/ 8275045123 / 7588184339/ 8275045123,7588184339 / 8275045123,"duplicated_phone fix, origin=originated_in_word/mixed: exact-repeat segment(s) removed, order preserved, no other segment touched. Word itself already carries the same or a related issue for this station, but approved decision: app data should be clean regardless of source-document messiness.",2026-08-27
directory_numbers,7696,phone_number,"0217-2252611/ 2461301, 2461303 Fax: 0217-2252580/ 2252280 / 0217-2252611/ 2461301, 2461303 Fax: 0217-2252580/ 2252280 / 0217-2252611/ 2461301, 2461303 Fax: 0217-2252580/ 2252280",0217-2252611 / 2461301 / 2461303 Fax: 0217-2252580 / 2252280,"duplicated_phone fix, origin=originated_in_word/mixed: exact-repeat segment(s) removed, order preserved, no other segment touched. Word itself already carries the same or a related issue for this station, but approved decision: app data should be clean regardless of source-document messiness.",2026-08-27
directory_numbers,7699,phone_number,07759-237529 07759-237440/ 022- 28306068 (F) / 07759-237529 07759-237440/ 022- 28306068 (F) / 9424141909/ 9004497000,07759-237529 07759-237440 / 022- 28306068 (F) / 9424141909 / 9004497000,"duplicated_phone fix, origin=originated_in_word/mixed: exact-repeat segment(s) removed, order preserved, no other segment touched. Word itself already carries the same or a related issue for this station, but approved decision: app data should be clean regardless of source-document messiness.",2026-08-27
directory_numbers,7700,phone_number,09109179793 / 09109179793 / 09109179793,09109179793,"duplicated_phone fix, origin=originated_in_word/mixed: exact-repeat segment(s) removed, order preserved, no other segment touched. Word itself already carries the same or a related issue for this station, but approved decision: app data should be clean regardless of source-document messiness.",2026-08-27
directory_numbers,7701,phone_number,07752-277660/ 246545/ 246587 / 07752-277660/ 246545/ 246587 / 07752-277660/ 246545/ 246587; 9424140682,07752-277660 / 246545 / 246587 / 9424140682,"duplicated_phone fix, origin=originated_in_word/mixed: exact-repeat segment(s) removed, order preserved, no other segment touched. Word itself already carries the same or a related issue for this station, but approved decision: app data should be clean regardless of source-document messiness.",2026-08-27
directory_numbers,7702,phone_number,07805-247755 / 247916 / 07805-247755 / 247916 / 07805-247755 / 247916; 9575301341 / 9575301342,07805-247755 / 247916 / 9575301341 / 9575301342,"duplicated_phone fix, origin=originated_in_word/mixed: exact-repeat segment(s) removed, order preserved, no other segment touched. Word itself already carries the same or a related issue for this station, but approved decision: app data should be clean regardless of source-document messiness.",2026-08-27
directory_numbers,7703,phone_number,"02525-244126, 02525-244128 (F) / 02525-244126, 02525-244128 (F) / 02525-244126, 02525-244128 (F)",02525-244126 / 02525-244128 (F),"duplicated_phone fix, origin=originated_in_word/mixed: exact-repeat segment(s) removed, order preserved, no other segment touched. Word itself already carries the same or a related issue for this station, but approved decision: app data should be clean regardless of source-document messiness.",2026-08-27
directory_numbers,7704,phone_number,"02525-244511, 02525-244609 02525-244009, 02525-244100 / 02525-244511, 02525-244609 02525-244009, 02525-244100 / 8552000187, 9423081600; scetaps34@npcil.co.in",02525-244511 / 02525-244609 02525-244009 / 02525-244100 / 8552000187 / 9423081600 / scetaps34@npcil.co.in,"duplicated_phone fix, origin=originated_in_word/mixed: exact-repeat segment(s) removed, order preserved, no other segment touched. Word itself already carries the same or a related issue for this station, but approved decision: app data should be clean regardless of source-document messiness.",2026-08-27
directory_numbers,7705,phone_number,07573950841 02626-234280 02626-231231 / 07573950841 02626-234280 02626-231231 / 9499889101,07573950841 02626-234280 02626-231231 / 9499889101,"duplicated_phone fix, origin=originated_in_word/mixed: exact-repeat segment(s) removed, order preserved, no other segment touched. Word itself already carries the same or a related issue for this station, but approved decision: app data should be clean regardless of source-document messiness.",2026-08-27
directory_numbers,7706,phone_number,"7573950843, 9409464909, 02626-231248, 02626-242080, Fax: 02626-231501 / 7573950843, 9409464909, 02626-231248, 02626-242080, Fax: 02626-231501 / 7573950843, 9409464909, 02626-231248, 02626-242080, Fax: 02626-231501",7573950843 / 9409464909 / 02626-231248 / 02626-242080 / Fax: 02626-231501,"duplicated_phone fix, origin=originated_in_word/mixed: exact-repeat segment(s) removed, order preserved, no other segment touched. Word itself already carries the same or a related issue for this station, but approved decision: app data should be clean regardless of source-document messiness.",2026-08-27
directory_numbers,7707,phone_number,20220581 / 20220581 / 7067549898,20220581 / 7067549898,"duplicated_phone fix, origin=originated_in_word/mixed: exact-repeat segment(s) removed, order preserved, no other segment touched. Word itself already carries the same or a related issue for this station, but approved decision: app data should be clean regardless of source-document messiness.",2026-08-27
directory_numbers,7708,phone_number,IP No 20221496 / IP No 20221496 / 9316735767,IP No 20221496 / 9316735767,"duplicated_phone fix, origin=originated_in_word/mixed: exact-repeat segment(s) removed, order preserved, no other segment touched. Word itself already carries the same or a related issue for this station, but approved decision: app data should be clean regardless of source-document messiness.",2026-08-27
directory_numbers,7709,phone_number,SCADA VOIP- 20221492 PSS VOIP - 20221485 / SCADA VOIP- 20221492 PSS VOIP - 20221485,SCADA VOIP- 20221492 PSS VOIP - 20221485,"duplicated_phone fix, origin=originated_in_word/mixed: exact-repeat segment(s) removed, order preserved, no other segment touched. Word itself already carries the same or a related issue for this station, but approved decision: app data should be clean regardless of source-document messiness.",2026-08-27
directory_numbers,7711,phone_number,+91 124 3896711 / +91 124 3896711,+91 124 3896711,"duplicated_phone fix, origin=originated_in_word/mixed: exact-repeat segment(s) removed, order preserved, no other segment touched. Word itself already carries the same or a related issue for this station, but approved decision: app data should be clean regardless of source-document messiness.",2026-08-27
directory_numbers,7716,phone_number,Control Room; Hotline- 20220586 / Hotline- 20220586 / 9687042683,Control Room / Hotline- 20220586 / 9687042683,"duplicated_phone fix, origin=originated_in_word/mixed: exact-repeat segment(s) removed, order preserved, no other segment touched. Word itself already carries the same or a related issue for this station, but approved decision: app data should be clean regardless of source-document messiness.",2026-08-27
directory_numbers,7721,phone_number,(022)67171159 (022)67171180 / (022)67171159 (022)67171180 / NA,(022)67171159 (022)67171180 / NA,"duplicated_phone fix, origin=originated_in_word/mixed: exact-repeat segment(s) removed, order preserved, no other segment touched. Word itself already carries the same or a related issue for this station, but approved decision: app data should be clean regardless of source-document messiness.",2026-08-27
directory_numbers,7722,phone_number,0261 - 2860375 / 0261 - 2860375,0261 - 2860375,"duplicated_phone fix, origin=originated_in_word/mixed: exact-repeat segment(s) removed, order preserved, no other segment touched. Word itself already carries the same or a related issue for this station, but approved decision: app data should be clean regardless of source-document messiness.",2026-08-27
directory_numbers,7723,phone_number,(Std Code: 02642)287450 / (Std Code: 02642)287450 / 9426811596 9099948434,(Std Code: 02642)287450 / 9426811596 9099948434,"duplicated_phone fix, origin=originated_in_word/mixed: exact-repeat segment(s) removed, order preserved, no other segment touched. Word itself already carries the same or a related issue for this station, but approved decision: app data should be clean regardless of source-document messiness.",2026-08-27
directory_numbers,7725,phone_number,IP No 20221496 / IP No 20221496 / 9316735767,IP No 20221496 / 9316735767,"duplicated_phone fix, origin=originated_in_word/mixed: exact-repeat segment(s) removed, order preserved, no other segment touched. Word itself already carries the same or a related issue for this station, but approved decision: app data should be clean regardless of source-document messiness.",2026-08-27
directory_numbers,7726,phone_number,IP No 20221496 / IP No 20221496 / 09316735767,IP No 20221496 / 09316735767,"duplicated_phone fix, origin=originated_in_word/mixed: exact-repeat segment(s) removed, order preserved, no other segment touched. Word itself already carries the same or a related issue for this station, but approved decision: app data should be clean regardless of source-document messiness.",2026-08-27
directory_numbers,7728,phone_number,+91 6355 827 073 / +91 6355 827 073,+91 6355 827 073,"duplicated_phone fix, origin=originated_in_word/mixed: exact-repeat segment(s) removed, order preserved, no other segment touched. Word itself already carries the same or a related issue for this station, but approved decision: app data should be clean regardless of source-document messiness.",2026-08-27
directory_numbers,7729,phone_number,Manza PSS VOIP:- 20221503 / Manza PSS VOIP:- 20221503 / +91 6353450165,Manza PSS VOIP:- 20221503 / +91 6353450165,"duplicated_phone fix, origin=originated_in_word/mixed: exact-repeat segment(s) removed, order preserved, no other segment touched. Word itself already carries the same or a related issue for this station, but approved decision: app data should be clean regardless of source-document messiness.",2026-08-27
directory_numbers,7734,phone_number,IP No 20220531 / IP No 20220531 / 7227065352,IP No 20220531 / 7227065352,"duplicated_phone fix, origin=originated_in_word/mixed: exact-repeat segment(s) removed, order preserved, no other segment touched. Word itself already carries the same or a related issue for this station, but approved decision: app data should be clean regardless of source-document messiness.",2026-08-27
directory_numbers,7735,phone_number,IP No 20220535 / IP No 20220535 / 6353672066,IP No 20220535 / 6353672066,"duplicated_phone fix, origin=originated_in_word/mixed: exact-repeat segment(s) removed, order preserved, no other segment touched. Word itself already carries the same or a related issue for this station, but approved decision: app data should be clean regardless of source-document messiness.",2026-08-27
directory_numbers,7737,phone_number,Hotline- 20220529 / Hotline- 20220529 / 9106763679,Hotline- 20220529 / 9106763679,"duplicated_phone fix, origin=originated_in_word/mixed: exact-repeat segment(s) removed, order preserved, no other segment touched. Word itself already carries the same or a related issue for this station, but approved decision: app data should be clean regardless of source-document messiness.",2026-08-27
directory_numbers,7739,phone_number,20220533 / 20220533,20220533,"duplicated_phone fix, origin=originated_in_word/mixed: exact-repeat segment(s) removed, order preserved, no other segment touched. Word itself already carries the same or a related issue for this station, but approved decision: app data should be clean regardless of source-document messiness.",2026-08-27
directory_numbers,7750,phone_number,SCADA VOIP/ PSS VOIP: 22651521 / SCADA VOIP/ PSS VOIP: 22651521,SCADA VOIP / PSS VOIP: 22651521,"duplicated_phone fix, origin=originated_in_word/mixed: exact-repeat segment(s) removed, order preserved, no other segment touched. Word itself already carries the same or a related issue for this station, but approved decision: app data should be clean regardless of source-document messiness.",2026-08-27
directory_numbers,7751,phone_number,NA / NA / 7227069073,NA / 7227069073,"duplicated_phone fix, origin=originated_in_word/mixed: exact-repeat segment(s) removed, order preserved, no other segment touched. Word itself already carries the same or a related issue for this station, but approved decision: app data should be clean regardless of source-document messiness.",2026-08-27
directory_numbers,7752,phone_number,IP No. 20220542 / IP No. 20220542 / 7227069073,IP No. 20220542 / 7227069073,"duplicated_phone fix, origin=originated_in_word/mixed: exact-repeat segment(s) removed, order preserved, no other segment touched. Word itself already carries the same or a related issue for this station, but approved decision: app data should be clean regardless of source-document messiness.",2026-08-27
directory_numbers,7753,phone_number,NA / NA / 7227069072,NA / 7227069072,"duplicated_phone fix, origin=originated_in_word/mixed: exact-repeat segment(s) removed, order preserved, no other segment touched. Word itself already carries the same or a related issue for this station, but approved decision: app data should be clean regardless of source-document messiness.",2026-08-27
directory_numbers,7754,phone_number,IP No. 20220538 / IP No. 20220538 / 7227069072,IP No. 20220538 / 7227069072,"duplicated_phone fix, origin=originated_in_word/mixed: exact-repeat segment(s) removed, order preserved, no other segment touched. Word itself already carries the same or a related issue for this station, but approved decision: app data should be clean regardless of source-document messiness.",2026-08-27
directory_numbers,7755,phone_number,NA / NA / 7227069072,NA / 7227069072,"duplicated_phone fix, origin=originated_in_word/mixed: exact-repeat segment(s) removed, order preserved, no other segment touched. Word itself already carries the same or a related issue for this station, but approved decision: app data should be clean regardless of source-document messiness.",2026-08-27
directory_numbers,7756,phone_number,IP No. 20220538 / IP No. 20220538 / 7227069072,IP No. 20220538 / 7227069072,"duplicated_phone fix, origin=originated_in_word/mixed: exact-repeat segment(s) removed, order preserved, no other segment touched. Word itself already carries the same or a related issue for this station, but approved decision: app data should be clean regardless of source-document messiness.",2026-08-27
directory_numbers,7757,phone_number,NA / NA / 7227069072,NA / 7227069072,"duplicated_phone fix, origin=originated_in_word/mixed: exact-repeat segment(s) removed, order preserved, no other segment touched. Word itself already carries the same or a related issue for this station, but approved decision: app data should be clean regardless of source-document messiness.",2026-08-27
directory_numbers,7758,phone_number,IP No. 20220538 / IP No. 20220538 / 7227069072,IP No. 20220538 / 7227069072,"duplicated_phone fix, origin=originated_in_word/mixed: exact-repeat segment(s) removed, order preserved, no other segment touched. Word itself already carries the same or a related issue for this station, but approved decision: app data should be clean regardless of source-document messiness.",2026-08-27
directory_numbers,7759,phone_number,NA / NA / 7227069073,NA / 7227069073,"duplicated_phone fix, origin=originated_in_word/mixed: exact-repeat segment(s) removed, order preserved, no other segment touched. Word itself already carries the same or a related issue for this station, but approved decision: app data should be clean regardless of source-document messiness.",2026-08-27
directory_numbers,7760,phone_number,IP No. 20220542 / IP No. 20220542 / 7227069073,IP No. 20220542 / 7227069073,"duplicated_phone fix, origin=originated_in_word/mixed: exact-repeat segment(s) removed, order preserved, no other segment touched. Word itself already carries the same or a related issue for this station, but approved decision: app data should be clean regardless of source-document messiness.",2026-08-27
directory_numbers,7761,phone_number,NA / NA / 7227069073,NA / 7227069073,"duplicated_phone fix, origin=originated_in_word/mixed: exact-repeat segment(s) removed, order preserved, no other segment touched. Word itself already carries the same or a related issue for this station, but approved decision: app data should be clean regardless of source-document messiness.",2026-08-27
directory_numbers,7762,phone_number,IP No. 20220542 / IP No. 20220542 / 7227069073,IP No. 20220542 / 7227069073,"duplicated_phone fix, origin=originated_in_word/mixed: exact-repeat segment(s) removed, order preserved, no other segment touched. Word itself already carries the same or a related issue for this station, but approved decision: app data should be clean regardless of source-document messiness.",2026-08-27
directory_numbers,7763,phone_number,NA / NA / 7227036279,NA / 7227036279,"duplicated_phone fix, origin=originated_in_word/mixed: exact-repeat segment(s) removed, order preserved, no other segment touched. Word itself already carries the same or a related issue for this station, but approved decision: app data should be clean regardless of source-document messiness.",2026-08-27
directory_numbers,7764,phone_number,IP No. 20221526 / IP No. 20221526 / 7227036279,IP No. 20221526 / 7227036279,"duplicated_phone fix, origin=originated_in_word/mixed: exact-repeat segment(s) removed, order preserved, no other segment touched. Word itself already carries the same or a related issue for this station, but approved decision: app data should be clean regardless of source-document messiness.",2026-08-27
directory_numbers,7765,phone_number,NA / NA / 7227036279,NA / 7227036279,"duplicated_phone fix, origin=originated_in_word/mixed: exact-repeat segment(s) removed, order preserved, no other segment touched. Word itself already carries the same or a related issue for this station, but approved decision: app data should be clean regardless of source-document messiness.",2026-08-27
directory_numbers,7766,phone_number,IP No. 20221526 / IP No. 20221526 / 7227036279,IP No. 20221526 / 7227036279,"duplicated_phone fix, origin=originated_in_word/mixed: exact-repeat segment(s) removed, order preserved, no other segment touched. Word itself already carries the same or a related issue for this station, but approved decision: app data should be clean regardless of source-document messiness.",2026-08-27
directory_numbers,7767,phone_number,NA / NA / 7227078943,NA / 7227078943,"duplicated_phone fix, origin=originated_in_word/mixed: exact-repeat segment(s) removed, order preserved, no other segment touched. Word itself already carries the same or a related issue for this station, but approved decision: app data should be clean regardless of source-document messiness.",2026-08-27
directory_numbers,7768,phone_number,IP No. 20221532 / IP No. 20221532 / 7227078943,IP No. 20221532 / 7227078943,"duplicated_phone fix, origin=originated_in_word/mixed: exact-repeat segment(s) removed, order preserved, no other segment touched. Word itself already carries the same or a related issue for this station, but approved decision: app data should be clean regardless of source-document messiness.",2026-08-27
directory_numbers,7769,phone_number,NA / NA / 7227069073,NA / 7227069073,"duplicated_phone fix, origin=originated_in_word/mixed: exact-repeat segment(s) removed, order preserved, no other segment touched. Word itself already carries the same or a related issue for this station, but approved decision: app data should be clean regardless of source-document messiness.",2026-08-27
directory_numbers,7770,phone_number,IP No. 20220542 / IP No. 20220542 / 7227069073,IP No. 20220542 / 7227069073,"duplicated_phone fix, origin=originated_in_word/mixed: exact-repeat segment(s) removed, order preserved, no other segment touched. Word itself already carries the same or a related issue for this station, but approved decision: app data should be clean regardless of source-document messiness.",2026-08-27
directory_numbers,7771,phone_number,NA / NA / 7227069073,NA / 7227069073,"duplicated_phone fix, origin=originated_in_word/mixed: exact-repeat segment(s) removed, order preserved, no other segment touched. Word itself already carries the same or a related issue for this station, but approved decision: app data should be clean regardless of source-document messiness.",2026-08-27
directory_numbers,7772,phone_number,IP No. 20220542 / IP No. 20220542 / 7227069073,IP No. 20220542 / 7227069073,"duplicated_phone fix, origin=originated_in_word/mixed: exact-repeat segment(s) removed, order preserved, no other segment touched. Word itself already carries the same or a related issue for this station, but approved decision: app data should be clean regardless of source-document messiness.",2026-08-27
directory_numbers,7773,phone_number,NA / NA / 7227036204,NA / 7227036204,"duplicated_phone fix, origin=originated_in_word/mixed: exact-repeat segment(s) removed, order preserved, no other segment touched. Word itself already carries the same or a related issue for this station, but approved decision: app data should be clean regardless of source-document messiness.",2026-08-27
directory_numbers,7774,phone_number,IP No. 20221517 / IP No. 20221517 / 7227036204,IP No. 20221517 / 7227036204,"duplicated_phone fix, origin=originated_in_word/mixed: exact-repeat segment(s) removed, order preserved, no other segment touched. Word itself already carries the same or a related issue for this station, but approved decision: app data should be clean regardless of source-document messiness.",2026-08-27
directory_numbers,7775,phone_number,NA / NA / 7227078943,NA / 7227078943,"duplicated_phone fix, origin=originated_in_word/mixed: exact-repeat segment(s) removed, order preserved, no other segment touched. Word itself already carries the same or a related issue for this station, but approved decision: app data should be clean regardless of source-document messiness.",2026-08-27
directory_numbers,7776,phone_number,IP No. 20221532 / IP No. 20221532 / 7227078943,IP No. 20221532 / 7227078943,"duplicated_phone fix, origin=originated_in_word/mixed: exact-repeat segment(s) removed, order preserved, no other segment touched. Word itself already carries the same or a related issue for this station, but approved decision: app data should be clean regardless of source-document messiness.",2026-08-27
directory_numbers,7777,phone_number,NA / NA / 7227092433,NA / 7227092433,"duplicated_phone fix, origin=originated_in_word/mixed: exact-repeat segment(s) removed, order preserved, no other segment touched. Word itself already carries the same or a related issue for this station, but approved decision: app data should be clean regardless of source-document messiness.",2026-08-27
directory_numbers,7778,phone_number,IP No. 20221461 / IP No. 20221461 / 7227092433,IP No. 20221461 / 7227092433,"duplicated_phone fix, origin=originated_in_word/mixed: exact-repeat segment(s) removed, order preserved, no other segment touched. Word itself already carries the same or a related issue for this station, but approved decision: app data should be clean regardless of source-document messiness.",2026-08-27
directory_numbers,7779,phone_number,NA / NA / 7227069073,NA / 7227069073,"duplicated_phone fix, origin=originated_in_word/mixed: exact-repeat segment(s) removed, order preserved, no other segment touched. Word itself already carries the same or a related issue for this station, but approved decision: app data should be clean regardless of source-document messiness.",2026-08-27
directory_numbers,7780,phone_number,IP No. 20220542 / IP No. 20220542 / 7227069073,IP No. 20220542 / 7227069073,"duplicated_phone fix, origin=originated_in_word/mixed: exact-repeat segment(s) removed, order preserved, no other segment touched. Word itself already carries the same or a related issue for this station, but approved decision: app data should be clean regardless of source-document messiness.",2026-08-27
directory_numbers,7781,phone_number,NA / NA / 7227078943,NA / 7227078943,"duplicated_phone fix, origin=originated_in_word/mixed: exact-repeat segment(s) removed, order preserved, no other segment touched. Word itself already carries the same or a related issue for this station, but approved decision: app data should be clean regardless of source-document messiness.",2026-08-27
directory_numbers,7782,phone_number,IP No. 20221532 / IP No. 20221532 / 7227078943,IP No. 20221532 / 7227078943,"duplicated_phone fix, origin=originated_in_word/mixed: exact-repeat segment(s) removed, order preserved, no other segment touched. Word itself already carries the same or a related issue for this station, but approved decision: app data should be clean regardless of source-document messiness.",2026-08-27
directory_numbers,7783,phone_number,NA / NA / 7227036204,NA / 7227036204,"duplicated_phone fix, origin=originated_in_word/mixed: exact-repeat segment(s) removed, order preserved, no other segment touched. Word itself already carries the same or a related issue for this station, but approved decision: app data should be clean regardless of source-document messiness.",2026-08-27
directory_numbers,7784,phone_number,IP No. 20221517 / IP No. 20221517 / 7227036204,IP No. 20221517 / 7227036204,"duplicated_phone fix, origin=originated_in_word/mixed: exact-repeat segment(s) removed, order preserved, no other segment touched. Word itself already carries the same or a related issue for this station, but approved decision: app data should be clean regardless of source-document messiness.",2026-08-27
directory_numbers,7785,phone_number,NA / NA / 7227036204,NA / 7227036204,"duplicated_phone fix, origin=originated_in_word/mixed: exact-repeat segment(s) removed, order preserved, no other segment touched. Word itself already carries the same or a related issue for this station, but approved decision: app data should be clean regardless of source-document messiness.",2026-08-27
directory_numbers,7786,phone_number,IP No. 20221517 / IP No. 20221517 / 7227036204,IP No. 20221517 / 7227036204,"duplicated_phone fix, origin=originated_in_word/mixed: exact-repeat segment(s) removed, order preserved, no other segment touched. Word itself already carries the same or a related issue for this station, but approved decision: app data should be clean regardless of source-document messiness.",2026-08-27
directory_numbers,7787,phone_number,NA / NA / 7227078943,NA / 7227078943,"duplicated_phone fix, origin=originated_in_word/mixed: exact-repeat segment(s) removed, order preserved, no other segment touched. Word itself already carries the same or a related issue for this station, but approved decision: app data should be clean regardless of source-document messiness.",2026-08-27
directory_numbers,7788,phone_number,IP No. 20221532 / IP No. 20221532 / 7227078943,IP No. 20221532 / 7227078943,"duplicated_phone fix, origin=originated_in_word/mixed: exact-repeat segment(s) removed, order preserved, no other segment touched. Word itself already carries the same or a related issue for this station, but approved decision: app data should be clean regardless of source-document messiness.",2026-08-27
directory_numbers,7789,phone_number,NA / NA / 7227078943,NA / 7227078943,"duplicated_phone fix, origin=originated_in_word/mixed: exact-repeat segment(s) removed, order preserved, no other segment touched. Word itself already carries the same or a related issue for this station, but approved decision: app data should be clean regardless of source-document messiness.",2026-08-27
directory_numbers,7790,phone_number,IP No. 20221532 / IP No. 20221532 / 7227078943,IP No. 20221532 / 7227078943,"duplicated_phone fix, origin=originated_in_word/mixed: exact-repeat segment(s) removed, order preserved, no other segment touched. Word itself already carries the same or a related issue for this station, but approved decision: app data should be clean regardless of source-document messiness.",2026-08-27
directory_numbers,7791,phone_number,NA / NA / 7227078943,NA / 7227078943,"duplicated_phone fix, origin=originated_in_word/mixed: exact-repeat segment(s) removed, order preserved, no other segment touched. Word itself already carries the same or a related issue for this station, but approved decision: app data should be clean regardless of source-document messiness.",2026-08-27
directory_numbers,7792,phone_number,IP No. 20221532 / IP No. 20221532 / 7227078943,IP No. 20221532 / 7227078943,"duplicated_phone fix, origin=originated_in_word/mixed: exact-repeat segment(s) removed, order preserved, no other segment touched. Word itself already carries the same or a related issue for this station, but approved decision: app data should be clean regardless of source-document messiness.",2026-08-27
directory_numbers,7793,phone_number,NA / NA / 7227069073,NA / 7227069073,"duplicated_phone fix, origin=originated_in_word/mixed: exact-repeat segment(s) removed, order preserved, no other segment touched. Word itself already carries the same or a related issue for this station, but approved decision: app data should be clean regardless of source-document messiness.",2026-08-27
directory_numbers,7794,phone_number,IP No. 20220542 / IP No. 20220542 / 7227069073,IP No. 20220542 / 7227069073,"duplicated_phone fix, origin=originated_in_word/mixed: exact-repeat segment(s) removed, order preserved, no other segment touched. Word itself already carries the same or a related issue for this station, but approved decision: app data should be clean regardless of source-document messiness.",2026-08-27
directory_numbers,7802,phone_number,1x300 MW Control Room; 6262049508 / 6262049508,1x300 MW Control Room / 6262049508,"duplicated_phone fix, origin=originated_in_word/mixed: exact-repeat segment(s) removed, order preserved, no other segment touched. Word itself already carries the same or a related issue for this station, but approved decision: app data should be clean regardless of source-document messiness.",2026-08-27
directory_numbers,7803,phone_number,02838-266401 / 02838-266401 / 9687660422,02838-266401 / 9687660422,"duplicated_phone fix, origin=originated_in_word/mixed: exact-repeat segment(s) removed, order preserved, no other segment touched. Word itself already carries the same or a related issue for this station, but approved decision: app data should be clean regardless of source-document messiness.",2026-08-27
directory_numbers,7804,phone_number,02838-266402 / 02838-266402 / 9687660700,02838-266402 / 9687660700,"duplicated_phone fix, origin=originated_in_word/mixed: exact-repeat segment(s) removed, order preserved, no other segment touched. Word itself already carries the same or a related issue for this station, but approved decision: app data should be clean regardless of source-document messiness.",2026-08-27
directory_numbers,7805,phone_number,02838-266403 / 02838-266403 / 9687660919,02838-266403 / 9687660919,"duplicated_phone fix, origin=originated_in_word/mixed: exact-repeat segment(s) removed, order preserved, no other segment touched. Word itself already carries the same or a related issue for this station, but approved decision: app data should be clean regardless of source-document messiness.",2026-08-27
directory_numbers,7806,phone_number,02838-266404 / 02838-266404 / 9687660990,02838-266404 / 9687660990,"duplicated_phone fix, origin=originated_in_word/mixed: exact-repeat segment(s) removed, order preserved, no other segment touched. Word itself already carries the same or a related issue for this station, but approved decision: app data should be clean regardless of source-document messiness.",2026-08-27
directory_numbers,7807,phone_number,07198-271590 / 07198-271590 / 9764800057,07198-271590 / 9764800057,"duplicated_phone fix, origin=originated_in_word/mixed: exact-repeat segment(s) removed, order preserved, no other segment touched. Word itself already carries the same or a related issue for this station, but approved decision: app data should be clean regardless of source-document messiness.",2026-08-27
directory_numbers,7808,phone_number,07759-252316 / 07759-252316 / 9981995914/ 6264468552,07759-252316 / 9981995914 / 6264468552,"duplicated_phone fix, origin=originated_in_word/mixed: exact-repeat segment(s) removed, order preserved, no other segment touched. Word itself already carries the same or a related issue for this station, but approved decision: app data should be clean regardless of source-document messiness.",2026-08-27
directory_numbers,7810,phone_number,02838-678035 02838-661188 / 02838-678035 02838-661188 / 02838-678035 02838-661188,02838-678035 02838-661188,"duplicated_phone fix, origin=originated_in_word/mixed: exact-repeat segment(s) removed, order preserved, no other segment touched. Word itself already carries the same or a related issue for this station, but approved decision: app data should be clean regardless of source-document messiness.",2026-08-27
directory_numbers,7813,phone_number,9561112098 /9307900219 / 9561112098 /9307900219 / 9561112098 /9307900219,9561112098 / 9307900219,"duplicated_phone fix, origin=originated_in_word/mixed: exact-repeat segment(s) removed, order preserved, no other segment touched. Word itself already carries the same or a related issue for this station, but approved decision: app data should be clean regardless of source-document messiness.",2026-08-27
directory_numbers,7816,phone_number,8966902987 / NA / 8966902987,8966902987 / NA,"duplicated_phone fix, origin=originated_in_word/mixed: exact-repeat segment(s) removed, order preserved, no other segment touched. Word itself already carries the same or a related issue for this station, but approved decision: app data should be clean regardless of source-document messiness.",2026-08-27
directory_numbers,7817,phone_number,Control Room; 8550991199 Fax No 07176-267222 / 8550991199 Fax No 07176-267222 / 8550991199 Fax No 07176-267222; 8550991199,Control Room / 8550991199 Fax No 07176-267222 / 8550991199,"duplicated_phone fix, origin=originated_in_word/mixed: exact-repeat segment(s) removed, order preserved, no other segment touched. Word itself already carries the same or a related issue for this station, but approved decision: app data should be clean regardless of source-document messiness.",2026-08-27
directory_numbers,7818,phone_number,7583804700 / 7583804700 / 7583804700,7583804700,"duplicated_phone fix, origin=originated_in_word/mixed: exact-repeat segment(s) removed, order preserved, no other segment touched. Word itself already carries the same or a related issue for this station, but approved decision: app data should be clean regardless of source-document messiness.",2026-08-27
directory_numbers,7819,phone_number,7583804700 / 7583804700 / 7583804700,7583804700,"duplicated_phone fix, origin=originated_in_word/mixed: exact-repeat segment(s) removed, order preserved, no other segment touched. Word itself already carries the same or a related issue for this station, but approved decision: app data should be clean regardless of source-document messiness.",2026-08-27
directory_numbers,7820,phone_number,"7869966844, 7817284011, 9981996983, 9630097902 / 7869966844, 7817284011, 9981996983, 9630097902 / 7869966844, 7817284011, 9981996983, 9630097902",7869966844 / 7817284011 / 9981996983 / 9630097902,"duplicated_phone fix, origin=originated_in_word/mixed: exact-repeat segment(s) removed, order preserved, no other segment touched. Word itself already carries the same or a related issue for this station, but approved decision: app data should be clean regardless of source-document messiness.",2026-08-27
directory_numbers,7821,phone_number,Mob- 9090784411/ 6264794628 / Mob- 9090784411/ 6264794628 / Mob- 9090784411/ 6264794628,Mob- 9090784411 / 6264794628,"duplicated_phone fix, origin=originated_in_word/mixed: exact-repeat segment(s) removed, order preserved, no other segment touched. Word itself already carries the same or a related issue for this station, but approved decision: app data should be clean regardless of source-document messiness.",2026-08-27
directory_numbers,7823,phone_number,7773011721 / 7773011721 / 7773011721,7773011721,"duplicated_phone fix, origin=originated_in_word/mixed: exact-repeat segment(s) removed, order preserved, no other segment touched. Word itself already carries the same or a related issue for this station, but approved decision: app data should be clean regardless of source-document messiness.",2026-08-27
directory_numbers,7824,phone_number,"9425293187 /8349994050, 0788-2284011, 0788-2445999, 0788-2284012 / 9425293187 /8349994050, 0788-2284011, 0788-2445999, 0788-2284012 / 9425293187 /8349994050, 0788-2284011, 0788-2445999, 0788-2284012",9425293187 / 8349994050 / 0788-2284011 / 0788-2445999 / 0788-2284012,"duplicated_phone fix, origin=originated_in_word/mixed: exact-repeat segment(s) removed, order preserved, no other segment touched. Word itself already carries the same or a related issue for this station, but approved decision: app data should be clean regardless of source-document messiness.",2026-08-27
directory_numbers,7827,phone_number,Control Room; 7583888500 / 7583888500 / 7583888500,Control Room / 7583888500,"duplicated_phone fix, origin=originated_in_word/mixed: exact-repeat segment(s) removed, order preserved, no other segment touched. Word itself already carries the same or a related issue for this station, but approved decision: app data should be clean regardless of source-document messiness.",2026-08-27
directory_numbers,7828,phone_number,Control Room; 07717163355/7747013533 / 07717163355/7747013533 / 07717163355/7747013533,Control Room / 07717163355 / 7747013533,"duplicated_phone fix, origin=originated_in_word/mixed: exact-repeat segment(s) removed, order preserved, no other segment touched. Word itself already carries the same or a related issue for this station, but approved decision: app data should be clean regardless of source-document messiness.",2026-08-27
directory_numbers,7829,phone_number,Control Room; 8007060703/ 02359-241120 / 8007060703/ 02359-241120 / 8007060703/ 02359-241120,Control Room / 8007060703 / 02359-241120,"duplicated_phone fix, origin=originated_in_word/mixed: exact-repeat segment(s) removed, order preserved, no other segment touched. Word itself already carries the same or a related issue for this station, but approved decision: app data should be clean regardless of source-document messiness.",2026-08-27
directory_numbers,7830,phone_number,773013005 & 9685575988 / 773013005 & 9685575988 / 773013005 & 9685575988,773013005 & 9685575988,"duplicated_phone fix, origin=originated_in_word/mixed: exact-repeat segment(s) removed, order preserved, no other segment touched. Word itself already carries the same or a related issue for this station, but approved decision: app data should be clean regardless of source-document messiness.",2026-08-27
directory_numbers,7831,phone_number,SIC Control Room; 8770890431 / 8770890431 / 8770890431,SIC Control Room / 8770890431,"duplicated_phone fix, origin=originated_in_word/mixed: exact-repeat segment(s) removed, order preserved, no other segment touched. Word itself already carries the same or a related issue for this station, but approved decision: app data should be clean regardless of source-document messiness.",2026-08-27
directory_numbers,7833,phone_number,7389939074/ 7471143902 / 7389939074/ 7471143902 / 7389939074/ 7471143902,7389939074 / 7471143902,"duplicated_phone fix, origin=originated_in_word/mixed: exact-repeat segment(s) removed, order preserved, no other segment touched. Word itself already carries the same or a related issue for this station, but approved decision: app data should be clean regardless of source-document messiness.",2026-08-27
directory_numbers,7834,phone_number,02640- 232101/232565 +91 6359933142 / 02640- 232101/232565 +91 6359933142 / 02640- 232101/232565 +91 6359933142,02640- 232101 / 232565 +91 6359933142,"duplicated_phone fix, origin=originated_in_word/mixed: exact-repeat segment(s) removed, order preserved, no other segment touched. Word itself already carries the same or a related issue for this station, but approved decision: app data should be clean regardless of source-document messiness.",2026-08-27
directory_numbers,7835,phone_number,02640-233025 +91 6359900626 / 02640-233025 +91 6359900626 / 02640-233025 +91 6359900626,02640-233025 +91 6359900626,"duplicated_phone fix, origin=originated_in_word/mixed: exact-repeat segment(s) removed, order preserved, no other segment touched. Word itself already carries the same or a related issue for this station, but approved decision: app data should be clean regardless of source-document messiness.",2026-08-27
directory_numbers,7836,phone_number,"0731-2552703, 0731-2574633, 0731-4225058, 0731-2575766 / 0731-2552703, 0731-2574633, 0731-4225058, 0731-2575766 / 0731-2552703, 0731-2574633, 0731-4225058, 0731-2575766",0731-2552703 / 0731-2574633 / 0731-4225058 / 0731-2575766,"duplicated_phone fix, origin=originated_in_word/mixed: exact-repeat segment(s) removed, order preserved, no other segment touched. Word itself already carries the same or a related issue for this station, but approved decision: app data should be clean regardless of source-document messiness.",2026-08-27
directory_numbers,7838,phone_number,7470444273 / 7470444273 / 7470444273,7470444273,"duplicated_phone fix, origin=originated_in_word/mixed: exact-repeat segment(s) removed, order preserved, no other segment touched. Word itself already carries the same or a related issue for this station, but approved decision: app data should be clean regardless of source-document messiness.",2026-08-27
directory_numbers,7839,phone_number,0261 7146596 / 0261 7146596 / 9909993555,0261 7146596 / 9909993555,"duplicated_phone fix, origin=originated_in_word/mixed: exact-repeat segment(s) removed, order preserved, no other segment touched. Word itself already carries the same or a related issue for this station, but approved decision: app data should be clean regardless of source-document messiness.",2026-08-27
directory_numbers,7844,phone_number,0261-6683609/ 6683932 / 0261-6683609/ 6683932 / 9879103310,0261-6683609 / 6683932 / 9879103310,"duplicated_phone fix, origin=originated_in_word/mixed: exact-repeat segment(s) removed, order preserved, no other segment touched. Word itself already carries the same or a related issue for this station, but approved decision: app data should be clean regardless of source-document messiness.",2026-08-27
directory_numbers,7845,phone_number,0261-6688500/ 6688043 / 0261-6688500/ 6688043 / 9909902153,0261-6688500 / 6688043 / 9909902153,"duplicated_phone fix, origin=originated_in_word/mixed: exact-repeat segment(s) removed, order preserved, no other segment touched. Word itself already carries the same or a related issue for this station, but approved decision: app data should be clean regardless of source-document messiness.",2026-08-27
directory_numbers,7847,phone_number,"9769281234, 8976863517 / 9769281234, 8976863517 / 9769281234, 8976863517",9769281234 / 8976863517,"duplicated_phone fix, origin=originated_in_word/mixed: exact-repeat segment(s) removed, order preserved, no other segment touched. Word itself already carries the same or a related issue for this station, but approved decision: app data should be clean regardless of source-document messiness.",2026-08-27
directory_numbers,7848,phone_number,022- 25543331 / 67175377 /67175378 / 022- 25543331 / 67175377 /67175378 / 022- 25543331 / 67175377 /67175378,022- 25543331 / 67175377 / 67175378,"duplicated_phone fix, origin=originated_in_word/mixed: exact-repeat segment(s) removed, order preserved, no other segment touched. Word itself already carries the same or a related issue for this station, but approved decision: app data should be clean regardless of source-document messiness.",2026-08-27
directory_numbers,7849,phone_number,Fax - 022-67175385 / Fax - 022-67175385 / Fax - 022-67175385,Fax - 022-67175385,"duplicated_phone fix, origin=originated_in_word/mixed: exact-repeat segment(s) removed, order preserved, no other segment touched. Word itself already carries the same or a related issue for this station, but approved decision: app data should be clean regardless of source-document messiness.",2026-08-27
directory_numbers,7850,phone_number,0120 4948584 / 2410606 / 0120 4948584 / 2410606 / 0120 4948584 / 2410606,0120 4948584 / 2410606,"duplicated_phone fix, origin=originated_in_word/mixed: exact-repeat segment(s) removed, order preserved, no other segment touched. Word itself already carries the same or a related issue for this station, but approved decision: app data should be clean regardless of source-document messiness.",2026-08-27
directory_numbers,7864,phone_number,"02525-244120, 02525-244128 (F) / 02525-244120, 02525-244128 (F)",02525-244120 / 02525-244128 (F),"duplicated_phone fix, origin=originated_in_word/mixed: exact-repeat segment(s) removed, order preserved, no other segment touched. Word itself already carries the same or a related issue for this station, but approved decision: app data should be clean regardless of source-document messiness.",2026-08-27
directory_numbers,7665,phone_number,RBPH 02640-232101/232565 / RBPH 02640-232101/232565 / 9426644701,RBPH 02640-232101 / 232565 / 9426644701,"duplicated_phone fix, origin=no_word_match: exact-repeat segment(s) removed, order preserved, no other segment touched. Station never matched a Word segment, so origin vs. the source document couldn't be determined -- applied anyway per approved decision: deduping exact-repeat segments is safe independent of Word verification.",2026-08-27
directory_numbers,7673,phone_number,022-66687091 / 022-25543331 / 022 - 67175377 Fax - 022-67175385 / 022-66687091 / 022-25543331 / 022 - 67175377 Fax - 022-67175385 / 022-66687091 / 022-25543331 / 022 - 67175377 Fax - 022-67175385,022-66687091 / 022-25543331 / 022 - 67175377 Fax - 022-67175385,"duplicated_phone fix, origin=no_word_match: exact-repeat segment(s) removed, order preserved, no other segment touched. Station never matched a Word segment, so origin vs. the source document couldn't be determined -- applied anyway per approved decision: deduping exact-repeat segments is safe independent of Word verification.",2026-08-27
directory_numbers,7689,phone_number,0832-2711813 / 0832-2711813 / 8380015202,0832-2711813 / 8380015202,"duplicated_phone fix, origin=no_word_match: exact-repeat segment(s) removed, order preserved, no other segment touched. Station never matched a Word segment, so origin vs. the source document couldn't be determined -- applied anyway per approved decision: deduping exact-repeat segments is safe independent of Word verification.",2026-08-27
directory_numbers,7690,phone_number,0832-2701857 / 0832-2701857 / 8380015202,0832-2701857 / 8380015202,"duplicated_phone fix, origin=no_word_match: exact-repeat segment(s) removed, order preserved, no other segment touched. Station never matched a Word segment, so origin vs. the source document couldn't be determined -- applied anyway per approved decision: deduping exact-repeat segments is safe independent of Word verification.",2026-08-27
organizations,6309,category_id (via category_name),Transmission Utility,CPSU,"CPSU population, approved subset only (Power Grid + 2 regional offices + NTPC Vidyut Vyapar Nigam Limited) -- also logged to the real audit_log table via services.audit_service.log_audit_event, same as a Manage Organizations UI edit would.",2026-08-27
organizations,6312,category_id (via category_name),Transmission Utility,CPSU,"CPSU population, approved subset only (Power Grid + 2 regional offices + NTPC Vidyut Vyapar Nigam Limited) -- also logged to the real audit_log table via services.audit_service.log_audit_event, same as a Manage Organizations UI edit would.",2026-08-27
organizations,6313,category_id (via category_name),Transmission Utility,CPSU,"CPSU population, approved subset only (Power Grid + 2 regional offices + NTPC Vidyut Vyapar Nigam Limited) -- also logged to the real audit_log table via services.audit_service.log_audit_event, same as a Manage Organizations UI edit would.",2026-08-27
organizations,6499,category_id (via category_name),Others,CPSU,"CPSU population, approved subset only (Power Grid + 2 regional offices + NTPC Vidyut Vyapar Nigam Limited) -- also logged to the real audit_log table via services.audit_service.log_audit_event, same as a Manage Organizations UI edit would.",2026-08-27
organization_categories,14,"(entire row, DELETE)","category_name=IPP, description=NULL, 0 organizations referenced it",DELETED,"Confirmed unused via reports/ipp_removal_impact.csv before deleting: 0 organizations, 0 email_group_filters reference it. Durable removal also needs migrations/015_remove_ipp_category.sql (written separately) since ON CONFLICT DO NOTHING in migrations/009 would otherwise silently re-seed it on a fresh migration replay.",2026-08-27
organizations,6458,category_id (via category_name),Others,Generation Company,"NSPCL correction: initially flagged AMBIGUOUS in reports/cpsu_population_proposal.csv (generation JV, only partially NTPC-owned, didn't cleanly fit CPSU's definition) -- you clarified it should move to Generation Company instead, reflecting its actual operational function (a 'Power Company' by name), not left in Others. Also logged to the real audit_log table via services.audit_service.log_audit_event, same as a Manage Organizations UI edit would.",2026-08-27
organization_categories,13,category_name,State SLDC,SLDC,"Approved per reports/reclassification_proposal.csv -- label rename affecting 7 orgs' displayed category, none of which change category_id.",2026-08-27
organizations,6303,category_id (via category_name),RE Generators,Generation Company,"Approved per reports/reclassification_proposal.csv, rule: 'category in (Generation Company, RE Generators) -> merged to Generation Company'. Also logged to the real audit_log table via services.audit_service.log_audit_event, same as a Manage Organizations UI edit would.",2026-08-27
organizations,6346,category_id (via category_name),Others,DISCOM,"Approved per reports/reclassification_proposal.csv, rule: ""name contains 'distribution' -> DISCOM"". Also logged to the real audit_log table via services.audit_service.log_audit_event, same as a Manage Organizations UI edit would.",2026-08-27
organizations,6376,category_id (via category_name),RE Generators,Generation Company,"Approved per reports/reclassification_proposal.csv, rule: 'category in (Generation Company, RE Generators) -> merged to Generation Company'. Also logged to the real audit_log table via services.audit_service.log_audit_event, same as a Manage Organizations UI edit would.",2026-08-27
organizations,6363,category_id (via category_name),RE Generators,Generation Company,"Approved per reports/reclassification_proposal.csv, rule: 'category in (Generation Company, RE Generators) -> merged to Generation Company'. Also logged to the real audit_log table via services.audit_service.log_audit_event, same as a Manage Organizations UI edit would.",2026-08-27
organizations,6364,category_id (via category_name),RE Generators,Generation Company,"Approved per reports/reclassification_proposal.csv, rule: 'category in (Generation Company, RE Generators) -> merged to Generation Company'. Also logged to the real audit_log table via services.audit_service.log_audit_event, same as a Manage Organizations UI edit would.",2026-08-27
organizations,6399,category_id (via category_name),RE Generators,Generation Company,"Approved per reports/reclassification_proposal.csv, rule: 'category in (Generation Company, RE Generators) -> merged to Generation Company'. Also logged to the real audit_log table via services.audit_service.log_audit_event, same as a Manage Organizations UI edit would.",2026-08-27
organizations,6400,category_id (via category_name),RE Generators,Generation Company,"Approved per reports/reclassification_proposal.csv, rule: 'category in (Generation Company, RE Generators) -> merged to Generation Company'. Also logged to the real audit_log table via services.audit_service.log_audit_event, same as a Manage Organizations UI edit would.",2026-08-27
organizations,6401,category_id (via category_name),RE Generators,Generation Company,"Approved per reports/reclassification_proposal.csv, rule: 'category in (Generation Company, RE Generators) -> merged to Generation Company'. Also logged to the real audit_log table via services.audit_service.log_audit_event, same as a Manage Organizations UI edit would.",2026-08-27
organizations,6417,category_id (via category_name),RE Generators,Generation Company,"Approved per reports/reclassification_proposal.csv, rule: 'category in (Generation Company, RE Generators) -> merged to Generation Company'. Also logged to the real audit_log table via services.audit_service.log_audit_event, same as a Manage Organizations UI edit would.",2026-08-27
organizations,6418,category_id (via category_name),RE Generators,Generation Company,"Approved per reports/reclassification_proposal.csv, rule: 'category in (Generation Company, RE Generators) -> merged to Generation Company'. Also logged to the real audit_log table via services.audit_service.log_audit_event, same as a Manage Organizations UI edit would.",2026-08-27
organizations,6419,category_id (via category_name),RE Generators,Generation Company,"Approved per reports/reclassification_proposal.csv, rule: 'category in (Generation Company, RE Generators) -> merged to Generation Company'. Also logged to the real audit_log table via services.audit_service.log_audit_event, same as a Manage Organizations UI edit would.",2026-08-27
organizations,6423,category_id (via category_name),RE Generators,Generation Company,"Approved per reports/reclassification_proposal.csv, rule: 'category in (Generation Company, RE Generators) -> merged to Generation Company'. Also logged to the real audit_log table via services.audit_service.log_audit_event, same as a Manage Organizations UI edit would.",2026-08-27
organizations,6424,category_id (via category_name),RE Generators,Generation Company,"Approved per reports/reclassification_proposal.csv, rule: 'category in (Generation Company, RE Generators) -> merged to Generation Company'. Also logged to the real audit_log table via services.audit_service.log_audit_event, same as a Manage Organizations UI edit would.",2026-08-27
organizations,6425,category_id (via category_name),RE Generators,Generation Company,"Approved per reports/reclassification_proposal.csv, rule: 'category in (Generation Company, RE Generators) -> merged to Generation Company'. Also logged to the real audit_log table via services.audit_service.log_audit_event, same as a Manage Organizations UI edit would.",2026-08-27
organizations,6394,category_id (via category_name),RE Generators,Generation Company,"Approved per reports/reclassification_proposal.csv, rule: 'category in (Generation Company, RE Generators) -> merged to Generation Company'. Also logged to the real audit_log table via services.audit_service.log_audit_event, same as a Manage Organizations UI edit would.",2026-08-27
organizations,6426,category_id (via category_name),RE Generators,Generation Company,"Approved per reports/reclassification_proposal.csv, rule: 'category in (Generation Company, RE Generators) -> merged to Generation Company'. Also logged to the real audit_log table via services.audit_service.log_audit_event, same as a Manage Organizations UI edit would.",2026-08-27
organizations,6427,category_id (via category_name),RE Generators,Generation Company,"Approved per reports/reclassification_proposal.csv, rule: 'category in (Generation Company, RE Generators) -> merged to Generation Company'. Also logged to the real audit_log table via services.audit_service.log_audit_event, same as a Manage Organizations UI edit would.",2026-08-27
organizations,6428,category_id (via category_name),RE Generators,Generation Company,"Approved per reports/reclassification_proposal.csv, rule: 'category in (Generation Company, RE Generators) -> merged to Generation Company'. Also logged to the real audit_log table via services.audit_service.log_audit_event, same as a Manage Organizations UI edit would.",2026-08-27
organizations,6437,category_id (via category_name),RE Generators,Generation Company,"Approved per reports/reclassification_proposal.csv, rule: 'category in (Generation Company, RE Generators) -> merged to Generation Company'. Also logged to the real audit_log table via services.audit_service.log_audit_event, same as a Manage Organizations UI edit would.",2026-08-27
organizations,6503,category_id (via category_name),Others,Transmission Utility,"Approved per reports/reclassification_proposal.csv, rule: ""name contains 'transmission' -> Transmission Utility"". Also logged to the real audit_log table via services.audit_service.log_audit_event, same as a Manage Organizations UI edit would.",2026-08-27
organizations,6365,category_id (via category_name),RE Generators,Generation Company,"Approved per reports/reclassification_proposal.csv, rule: 'category in (Generation Company, RE Generators) -> merged to Generation Company'. Also logged to the real audit_log table via services.audit_service.log_audit_event, same as a Manage Organizations UI edit would.",2026-08-27
organizations,6366,category_id (via category_name),RE Generators,Generation Company,"Approved per reports/reclassification_proposal.csv, rule: 'category in (Generation Company, RE Generators) -> merged to Generation Company'. Also logged to the real audit_log table via services.audit_service.log_audit_event, same as a Manage Organizations UI edit would.",2026-08-27
organizations,6367,category_id (via category_name),RE Generators,Generation Company,"Approved per reports/reclassification_proposal.csv, rule: 'category in (Generation Company, RE Generators) -> merged to Generation Company'. Also logged to the real audit_log table via services.audit_service.log_audit_event, same as a Manage Organizations UI edit would.",2026-08-27
organizations,6368,category_id (via category_name),RE Generators,Generation Company,"Approved per reports/reclassification_proposal.csv, rule: 'category in (Generation Company, RE Generators) -> merged to Generation Company'. Also logged to the real audit_log table via services.audit_service.log_audit_event, same as a Manage Organizations UI edit would.",2026-08-27
organizations,6369,category_id (via category_name),RE Generators,Generation Company,"Approved per reports/reclassification_proposal.csv, rule: 'category in (Generation Company, RE Generators) -> merged to Generation Company'. Also logged to the real audit_log table via services.audit_service.log_audit_event, same as a Manage Organizations UI edit would.",2026-08-27
organizations,6370,category_id (via category_name),RE Generators,Generation Company,"Approved per reports/reclassification_proposal.csv, rule: 'category in (Generation Company, RE Generators) -> merged to Generation Company'. Also logged to the real audit_log table via services.audit_service.log_audit_event, same as a Manage Organizations UI edit would.",2026-08-27
organizations,6371,category_id (via category_name),RE Generators,Generation Company,"Approved per reports/reclassification_proposal.csv, rule: 'category in (Generation Company, RE Generators) -> merged to Generation Company'. Also logged to the real audit_log table via services.audit_service.log_audit_event, same as a Manage Organizations UI edit would.",2026-08-27
organizations,6372,category_id (via category_name),RE Generators,Generation Company,"Approved per reports/reclassification_proposal.csv, rule: 'category in (Generation Company, RE Generators) -> merged to Generation Company'. Also logged to the real audit_log table via services.audit_service.log_audit_event, same as a Manage Organizations UI edit would.",2026-08-27
organizations,6373,category_id (via category_name),RE Generators,Generation Company,"Approved per reports/reclassification_proposal.csv, rule: 'category in (Generation Company, RE Generators) -> merged to Generation Company'. Also logged to the real audit_log table via services.audit_service.log_audit_event, same as a Manage Organizations UI edit would.",2026-08-27
organizations,6374,category_id (via category_name),RE Generators,Generation Company,"Approved per reports/reclassification_proposal.csv, rule: 'category in (Generation Company, RE Generators) -> merged to Generation Company'. Also logged to the real audit_log table via services.audit_service.log_audit_event, same as a Manage Organizations UI edit would.",2026-08-27
organizations,6375,category_id (via category_name),RE Generators,Generation Company,"Approved per reports/reclassification_proposal.csv, rule: 'category in (Generation Company, RE Generators) -> merged to Generation Company'. Also logged to the real audit_log table via services.audit_service.log_audit_event, same as a Manage Organizations UI edit would.",2026-08-27
organizations,6377,category_id (via category_name),RE Generators,Generation Company,"Approved per reports/reclassification_proposal.csv, rule: 'category in (Generation Company, RE Generators) -> merged to Generation Company'. Also logged to the real audit_log table via services.audit_service.log_audit_event, same as a Manage Organizations UI edit would.",2026-08-27
organizations,6378,category_id (via category_name),RE Generators,Generation Company,"Approved per reports/reclassification_proposal.csv, rule: 'category in (Generation Company, RE Generators) -> merged to Generation Company'. Also logged to the real audit_log table via services.audit_service.log_audit_event, same as a Manage Organizations UI edit would.",2026-08-27
organizations,6379,category_id (via category_name),RE Generators,Generation Company,"Approved per reports/reclassification_proposal.csv, rule: 'category in (Generation Company, RE Generators) -> merged to Generation Company'. Also logged to the real audit_log table via services.audit_service.log_audit_event, same as a Manage Organizations UI edit would.",2026-08-27
organizations,6380,category_id (via category_name),RE Generators,Generation Company,"Approved per reports/reclassification_proposal.csv, rule: 'category in (Generation Company, RE Generators) -> merged to Generation Company'. Also logged to the real audit_log table via services.audit_service.log_audit_event, same as a Manage Organizations UI edit would.",2026-08-27
organizations,6381,category_id (via category_name),RE Generators,Generation Company,"Approved per reports/reclassification_proposal.csv, rule: 'category in (Generation Company, RE Generators) -> merged to Generation Company'. Also logged to the real audit_log table via services.audit_service.log_audit_event, same as a Manage Organizations UI edit would.",2026-08-27
organizations,6382,category_id (via category_name),RE Generators,Generation Company,"Approved per reports/reclassification_proposal.csv, rule: 'category in (Generation Company, RE Generators) -> merged to Generation Company'. Also logged to the real audit_log table via services.audit_service.log_audit_event, same as a Manage Organizations UI edit would.",2026-08-27
organizations,6383,category_id (via category_name),RE Generators,Generation Company,"Approved per reports/reclassification_proposal.csv, rule: 'category in (Generation Company, RE Generators) -> merged to Generation Company'. Also logged to the real audit_log table via services.audit_service.log_audit_event, same as a Manage Organizations UI edit would.",2026-08-27
organizations,6384,category_id (via category_name),RE Generators,Generation Company,"Approved per reports/reclassification_proposal.csv, rule: 'category in (Generation Company, RE Generators) -> merged to Generation Company'. Also logged to the real audit_log table via services.audit_service.log_audit_event, same as a Manage Organizations UI edit would.",2026-08-27
organizations,6385,category_id (via category_name),RE Generators,Generation Company,"Approved per reports/reclassification_proposal.csv, rule: 'category in (Generation Company, RE Generators) -> merged to Generation Company'. Also logged to the real audit_log table via services.audit_service.log_audit_event, same as a Manage Organizations UI edit would.",2026-08-27
organizations,6386,category_id (via category_name),RE Generators,Generation Company,"Approved per reports/reclassification_proposal.csv, rule: 'category in (Generation Company, RE Generators) -> merged to Generation Company'. Also logged to the real audit_log table via services.audit_service.log_audit_event, same as a Manage Organizations UI edit would.",2026-08-27
organizations,6387,category_id (via category_name),RE Generators,Generation Company,"Approved per reports/reclassification_proposal.csv, rule: 'category in (Generation Company, RE Generators) -> merged to Generation Company'. Also logged to the real audit_log table via services.audit_service.log_audit_event, same as a Manage Organizations UI edit would.",2026-08-27
organizations,6388,category_id (via category_name),RE Generators,Generation Company,"Approved per reports/reclassification_proposal.csv, rule: 'category in (Generation Company, RE Generators) -> merged to Generation Company'. Also logged to the real audit_log table via services.audit_service.log_audit_event, same as a Manage Organizations UI edit would.",2026-08-27
organizations,6389,category_id (via category_name),RE Generators,Generation Company,"Approved per reports/reclassification_proposal.csv, rule: 'category in (Generation Company, RE Generators) -> merged to Generation Company'. Also logged to the real audit_log table via services.audit_service.log_audit_event, same as a Manage Organizations UI edit would.",2026-08-27
organizations,6390,category_id (via category_name),RE Generators,Generation Company,"Approved per reports/reclassification_proposal.csv, rule: 'category in (Generation Company, RE Generators) -> merged to Generation Company'. Also logged to the real audit_log table via services.audit_service.log_audit_event, same as a Manage Organizations UI edit would.",2026-08-27
organizations,6391,category_id (via category_name),RE Generators,Generation Company,"Approved per reports/reclassification_proposal.csv, rule: 'category in (Generation Company, RE Generators) -> merged to Generation Company'. Also logged to the real audit_log table via services.audit_service.log_audit_event, same as a Manage Organizations UI edit would.",2026-08-27
organizations,6392,category_id (via category_name),RE Generators,Generation Company,"Approved per reports/reclassification_proposal.csv, rule: 'category in (Generation Company, RE Generators) -> merged to Generation Company'. Also logged to the real audit_log table via services.audit_service.log_audit_event, same as a Manage Organizations UI edit would.",2026-08-27
organizations,6393,category_id (via category_name),RE Generators,Generation Company,"Approved per reports/reclassification_proposal.csv, rule: 'category in (Generation Company, RE Generators) -> merged to Generation Company'. Also logged to the real audit_log table via services.audit_service.log_audit_event, same as a Manage Organizations UI edit would.",2026-08-27
organizations,6395,category_id (via category_name),RE Generators,Generation Company,"Approved per reports/reclassification_proposal.csv, rule: 'category in (Generation Company, RE Generators) -> merged to Generation Company'. Also logged to the real audit_log table via services.audit_service.log_audit_event, same as a Manage Organizations UI edit would.",2026-08-27
organizations,6396,category_id (via category_name),RE Generators,Generation Company,"Approved per reports/reclassification_proposal.csv, rule: 'category in (Generation Company, RE Generators) -> merged to Generation Company'. Also logged to the real audit_log table via services.audit_service.log_audit_event, same as a Manage Organizations UI edit would.",2026-08-27
organizations,6397,category_id (via category_name),RE Generators,Generation Company,"Approved per reports/reclassification_proposal.csv, rule: 'category in (Generation Company, RE Generators) -> merged to Generation Company'. Also logged to the real audit_log table via services.audit_service.log_audit_event, same as a Manage Organizations UI edit would.",2026-08-27
organizations,6398,category_id (via category_name),RE Generators,Generation Company,"Approved per reports/reclassification_proposal.csv, rule: 'category in (Generation Company, RE Generators) -> merged to Generation Company'. Also logged to the real audit_log table via services.audit_service.log_audit_event, same as a Manage Organizations UI edit would.",2026-08-27
organizations,6402,category_id (via category_name),RE Generators,Generation Company,"Approved per reports/reclassification_proposal.csv, rule: 'category in (Generation Company, RE Generators) -> merged to Generation Company'. Also logged to the real audit_log table via services.audit_service.log_audit_event, same as a Manage Organizations UI edit would.",2026-08-27
organizations,6403,category_id (via category_name),RE Generators,Generation Company,"Approved per reports/reclassification_proposal.csv, rule: 'category in (Generation Company, RE Generators) -> merged to Generation Company'. Also logged to the real audit_log table via services.audit_service.log_audit_event, same as a Manage Organizations UI edit would.",2026-08-27
organizations,6404,category_id (via category_name),RE Generators,Generation Company,"Approved per reports/reclassification_proposal.csv, rule: 'category in (Generation Company, RE Generators) -> merged to Generation Company'. Also logged to the real audit_log table via services.audit_service.log_audit_event, same as a Manage Organizations UI edit would.",2026-08-27
organizations,6405,category_id (via category_name),RE Generators,Generation Company,"Approved per reports/reclassification_proposal.csv, rule: 'category in (Generation Company, RE Generators) -> merged to Generation Company'. Also logged to the real audit_log table via services.audit_service.log_audit_event, same as a Manage Organizations UI edit would.",2026-08-27
organizations,6406,category_id (via category_name),RE Generators,Generation Company,"Approved per reports/reclassification_proposal.csv, rule: 'category in (Generation Company, RE Generators) -> merged to Generation Company'. Also logged to the real audit_log table via services.audit_service.log_audit_event, same as a Manage Organizations UI edit would.",2026-08-27
organizations,6407,category_id (via category_name),RE Generators,Generation Company,"Approved per reports/reclassification_proposal.csv, rule: 'category in (Generation Company, RE Generators) -> merged to Generation Company'. Also logged to the real audit_log table via services.audit_service.log_audit_event, same as a Manage Organizations UI edit would.",2026-08-27
organizations,6408,category_id (via category_name),RE Generators,Generation Company,"Approved per reports/reclassification_proposal.csv, rule: 'category in (Generation Company, RE Generators) -> merged to Generation Company'. Also logged to the real audit_log table via services.audit_service.log_audit_event, same as a Manage Organizations UI edit would.",2026-08-27
organizations,6409,category_id (via category_name),RE Generators,Generation Company,"Approved per reports/reclassification_proposal.csv, rule: 'category in (Generation Company, RE Generators) -> merged to Generation Company'. Also logged to the real audit_log table via services.audit_service.log_audit_event, same as a Manage Organizations UI edit would.",2026-08-27
organizations,6410,category_id (via category_name),RE Generators,Generation Company,"Approved per reports/reclassification_proposal.csv, rule: 'category in (Generation Company, RE Generators) -> merged to Generation Company'. Also logged to the real audit_log table via services.audit_service.log_audit_event, same as a Manage Organizations UI edit would.",2026-08-27
organizations,6411,category_id (via category_name),RE Generators,Generation Company,"Approved per reports/reclassification_proposal.csv, rule: 'category in (Generation Company, RE Generators) -> merged to Generation Company'. Also logged to the real audit_log table via services.audit_service.log_audit_event, same as a Manage Organizations UI edit would.",2026-08-27
organizations,6412,category_id (via category_name),RE Generators,Generation Company,"Approved per reports/reclassification_proposal.csv, rule: 'category in (Generation Company, RE Generators) -> merged to Generation Company'. Also logged to the real audit_log table via services.audit_service.log_audit_event, same as a Manage Organizations UI edit would.",2026-08-27
organizations,6413,category_id (via category_name),RE Generators,Generation Company,"Approved per reports/reclassification_proposal.csv, rule: 'category in (Generation Company, RE Generators) -> merged to Generation Company'. Also logged to the real audit_log table via services.audit_service.log_audit_event, same as a Manage Organizations UI edit would.",2026-08-27
organizations,6414,category_id (via category_name),RE Generators,Generation Company,"Approved per reports/reclassification_proposal.csv, rule: 'category in (Generation Company, RE Generators) -> merged to Generation Company'. Also logged to the real audit_log table via services.audit_service.log_audit_event, same as a Manage Organizations UI edit would.",2026-08-27
organizations,6415,category_id (via category_name),RE Generators,Generation Company,"Approved per reports/reclassification_proposal.csv, rule: 'category in (Generation Company, RE Generators) -> merged to Generation Company'. Also logged to the real audit_log table via services.audit_service.log_audit_event, same as a Manage Organizations UI edit would.",2026-08-27
organizations,6416,category_id (via category_name),RE Generators,Generation Company,"Approved per reports/reclassification_proposal.csv, rule: 'category in (Generation Company, RE Generators) -> merged to Generation Company'. Also logged to the real audit_log table via services.audit_service.log_audit_event, same as a Manage Organizations UI edit would.",2026-08-27
organizations,6420,category_id (via category_name),RE Generators,Generation Company,"Approved per reports/reclassification_proposal.csv, rule: 'category in (Generation Company, RE Generators) -> merged to Generation Company'. Also logged to the real audit_log table via services.audit_service.log_audit_event, same as a Manage Organizations UI edit would.",2026-08-27
organizations,6421,category_id (via category_name),RE Generators,Generation Company,"Approved per reports/reclassification_proposal.csv, rule: 'category in (Generation Company, RE Generators) -> merged to Generation Company'. Also logged to the real audit_log table via services.audit_service.log_audit_event, same as a Manage Organizations UI edit would.",2026-08-27
organizations,6422,category_id (via category_name),RE Generators,Generation Company,"Approved per reports/reclassification_proposal.csv, rule: 'category in (Generation Company, RE Generators) -> merged to Generation Company'. Also logged to the real audit_log table via services.audit_service.log_audit_event, same as a Manage Organizations UI edit would.",2026-08-27
organizations,6429,category_id (via category_name),RE Generators,Generation Company,"Approved per reports/reclassification_proposal.csv, rule: 'category in (Generation Company, RE Generators) -> merged to Generation Company'. Also logged to the real audit_log table via services.audit_service.log_audit_event, same as a Manage Organizations UI edit would.",2026-08-27
organizations,6430,category_id (via category_name),RE Generators,Generation Company,"Approved per reports/reclassification_proposal.csv, rule: 'category in (Generation Company, RE Generators) -> merged to Generation Company'. Also logged to the real audit_log table via services.audit_service.log_audit_event, same as a Manage Organizations UI edit would.",2026-08-27
organizations,6431,category_id (via category_name),RE Generators,Generation Company,"Approved per reports/reclassification_proposal.csv, rule: 'category in (Generation Company, RE Generators) -> merged to Generation Company'. Also logged to the real audit_log table via services.audit_service.log_audit_event, same as a Manage Organizations UI edit would.",2026-08-27
organizations,6432,category_id (via category_name),RE Generators,Generation Company,"Approved per reports/reclassification_proposal.csv, rule: 'category in (Generation Company, RE Generators) -> merged to Generation Company'. Also logged to the real audit_log table via services.audit_service.log_audit_event, same as a Manage Organizations UI edit would.",2026-08-27
organizations,6433,category_id (via category_name),RE Generators,Generation Company,"Approved per reports/reclassification_proposal.csv, rule: 'category in (Generation Company, RE Generators) -> merged to Generation Company'. Also logged to the real audit_log table via services.audit_service.log_audit_event, same as a Manage Organizations UI edit would.",2026-08-27
organizations,6507,category_id (via category_name),RE Generators,Generation Company,"Approved per reports/reclassification_proposal.csv, rule: 'category in (Generation Company, RE Generators) -> merged to Generation Company'. Also logged to the real audit_log table via services.audit_service.log_audit_event, same as a Manage Organizations UI edit would.",2026-08-27
employees,20044,"(entire row, INSERT)",(did not exist),"employee_name=Deepak Kumar, designation=Member Secretary, organization_id=6291, office_phone='022- 28221636 Fax 022-28370193', email=ms-wrpc@nic.in, is_kmp=True","WRPC priority item: appears identically (same phone, same email) in both of Word's separate WRPC mentions -- consistent, not a stale duplicate. Confirmed absent from the app. Stephen Fernandes (the other Word-side WRPC 'Chairman' mention) was explicitly NOT added -- conflicts with the app's already-correct AdministrativeHead/Employee record for Dr. Rohit Yadav as Chairman. is_kmp=True is my own inference (Member Secretary is the same leadership tier as the Chairman, who is also is_kmp=True), not explicitly instructed.",2026-08-27
organizations,6304,address,,QCA for Bhuj-I ISTS Pooling station,Batch b approved as proposed. Source: separate Word paragraph.,2026-08-27
organizations,6377,address,,"NTPC Limited, NTPC Bhawan, SCOPE Complex, Institutional Area, Lodhi Road,New Delhi - 110003",Batch b approved as proposed. Source: separate Word paragraph.,2026-08-27
organizations,6376,address,,"Corporate Centre, 34 Sant Tukaram Road, Carnac Bunder, Mumbai 400 009, Maharashtra, India",Batch b approved as proposed. Source: separate Word paragraph.,2026-08-27
organizations,6363,address,,"RUMS Pariyojana Unit No.2, Ramnagar Pahad, Tehsil Gurh,Dist.Rewa-486553(M.P.)",Batch b approved as proposed. Source: separate Word paragraph.,2026-08-27
organizations,6378,address,,"P.O. Urja Nagar, Dist. Bharuch, Gujarat – 392 215",Batch b approved as proposed. Source: separate Word paragraph.,2026-08-27
organizations,6382,address,,"Corporate office, Vidyut Bhavan, Race course, Vadodara-390 007, Gujarat, India",Batch b approved as proposed. Source: separate Word paragraph.,2026-08-27
organizations,6385,address,,"EDF Renewables India Pvt. Ltd. 1'st Floor, Eastern Wing, Thapar House,124, Janpath, New Delhi – 110001",Batch b approved as proposed. Source: separate Word paragraph.,2026-08-27
organizations,6386,address,,"Office No. 1, Gandhi Colony, Jaora, Ratlam - 457 226, Madhya Pradesh, India",Batch b approved as proposed. Source: separate Word paragraph.,2026-08-27
organizations,6351,address,"NTPC Mouda STPP, Mouda-Ramtek Road, P.O. Mouda, Dist. Nagpur, Maharashtra - 441104","NTPC Mouda STPP, Mouda-Ramtek Road, P.O. Mouda, Distt.-Nagpur, Maharashtra-441104",Batch b approved as proposed. Source: separate Word paragraph.,2026-08-27
organizations,6355,address,"NTPC Korba STPP, P.O. Vikash Bhawan, Jamnipali, Dist. Korba, Chhattisgarh - 495450","NTPC Korba STPP, P.O. Vikash Bhawan, Jamnipali, Distt.-Korba, Chhattisgarh-495450",Batch b approved as proposed. Source: separate Word paragraph.,2026-08-27
organizations,6357,address,"NTPC Sipat Super Thermal Power Station, Bilaspur, Chhattisgarh - 495555","NTPC Sipat STPP, P.O. Ujwal Nagar, Distt. Bilaspur, Chhattisgarh-495555",Batch b approved as proposed. Source: separate Word paragraph.,2026-08-27
organizations,6358,address,"NTPC Vindhyachal STPP, P.O. Vindhyanagar, Waidhan, Dist. Singrauli, Madhya Pradesh - 486885","NTPC Vindhyachal STPP, P.O. Vindhyanagar - Waidhan Rd, Dist: Waidhan, Madhya Pradesh-486885",Batch b approved as proposed. Source: separate Word paragraph.,2026-08-27
organizations,6402,address,,"The Tata Power Company Limited, Corporate Center B, 34 Sant Tukaram Road, Carnac Bunder, Mumbai 400 009, Maharashtra, India.",Batch b approved as proposed. Source: separate Word paragraph.,2026-08-27
organizations,6403,address,,"The Tata Power Company Limited, Corporate Center B, 34 Sant Tukaram Road, Carnac Bunder, Mumbai 400 009, Maharashtra, India.",Batch b approved as proposed. Source: separate Word paragraph.,2026-08-27
organizations,6352,address,"NTPC Solapur STPS, Post Hotgi Station, South Solapur, Maharashtra - 413215","NTPC Solapur STPS, Post Hotgi Station Maharashtra South Solapur 413215",Batch b approved as proposed. Source: separate Word paragraph.,2026-08-27
organizations,6394,address,,"Samanvay”, 600-Tapovan, Ambawadi, Ahmedabad, Gujarat-380015",Batch b approved as proposed. Source: separate Word paragraph.,2026-08-27
organizations,6410,address,,"DLFSquare, 8thFloor, M Block, Jacaranda Marg, DLFPhase2 Gurgaon",Batch b approved as proposed. Source: separate Word paragraph.,2026-08-27
organizations,6411,address,,"Vill-Dudhpura Agar Malwa, MP-465441",Batch b approved as proposed. Source: separate Word paragraph.,2026-08-27
organizations,6458,address,,"NTPC-SAIL Power Company Ltd, Puranena Village, Chhattisgarh Dist – Durg, Bhilai 490021",Batch b approved as proposed. Source: separate Word paragraph.,2026-08-27
organizations,6438,address,,"2x135 MW Kasaipali Thermal Power Project, ACB (India) Ltd. District – Korba Chhattisgarh Chakabura 495445",Batch b approved as proposed. Source: separate Word paragraph.,2026-08-27
organizations,6444,address,,"1200 MW CPP-3, P.O Balco Nagar, Distt: Korba (Chhattisgarh)- 495684.",Batch b approved as proposed. Source: separate Word paragraph.,2026-08-27
organizations,6445,address,,"Ultra Mega Power Project, Tunda-Vandh Road, Tunda village Mundra Kutch 370435.",Batch b approved as proposed. Source: separate Word paragraph.,2026-08-27
organizations,6446,address,,"DB Power, Village – Baradarha, Post – Kanwali, Dist – Janjgir, Champa, Chhattisgarh Baradarha 495695.",Batch b approved as proposed. Source: separate Word paragraph.,2026-08-27
organizations,6448,address,,"C-6, Tadali Growth Centre, MIDC Tadali Chandrapur, Maharashtra-442406",Batch b approved as proposed. Source: separate Word paragraph.,2026-08-27
organizations,6449,address,,"Vill- Dongamouha, Tehsil -Tamnar, Raigarh – 496107, Chhattisgarh",Batch b approved as proposed. Source: separate Word paragraph.,2026-08-27
organizations,6451,address,,"Mohabala, MIDC Growth Centre, Warora, Dist Chandrapur, Maharashtra – 442907",Batch b approved as proposed. Source: separate Word paragraph.,2026-08-27
organizations,6454,address,,"OP Jindal Super Thermal Power Plant, Tamnar, Raigarh, Chhattisgarh – 496107",Batch b approved as proposed. Source: separate Word paragraph.,2026-08-27
organizations,6456,address,,"Village- Patadi,Tilkeja, District- Korba (Chhattisgarh) – 495674",Batch b approved as proposed. Source: separate Word paragraph.,2026-08-27
organizations,6457,address,,"Village Laharpur, post Jaithari, district Anupur, Madhya Pradesh-484330",Batch b approved as proposed. Source: separate Word paragraph.,2026-08-27
organizations,6459,address,,"(Formally Korba West Power Company), Chhote Bhandar, PO: Bade Bhandar, District: Raigarh, Chhattisgarh – 496100",Batch b approved as proposed. Source: separate Word paragraph.,2026-08-27
organizations,6460,address,,"(Formally GMR Chhattisgarh Energy Limited), Factory-Tilda, Village Raikheda, Raipur, Chhattisgarh-493225)",Batch b approved as proposed. Source: separate Word paragraph.,2026-08-27
organizations,6462,address,,"No. 14, Dr. Giriappa Road, T. Nagar, Chennai-600017",Batch b approved as proposed. Source: separate Word paragraph.,2026-08-27
organizations,6463,address,,"Sasan UMPP, Village Tiyara, Waidhan, Singrauli, MP",Batch b approved as proposed. Source: separate Word paragraph.,2026-08-27
organizations,6465,address,,"2x300 MW Thermal Power Project, P.O Nawapara (Tenda), Tehsil Gharghoda, Dist: Raigarh-496111 (Chhattisgarh)",Batch b approved as proposed. Source: separate Word paragraph.,2026-08-27
organizations,6452,address,,"Nigri District, Madhya Pradesh Singrauli 486668",Batch b approved as proposed. Source: separate Word paragraph.,2026-08-27
organizations,6461,address,,"Post. RGPPL Anjanvel, Taluk-Guhagar, Dist.Ratnagiri, Maharashtra-415634",Batch b approved as proposed. Source: separate Word paragraph.,2026-08-27
organizations,6464,address,,"Unit No. 201 & 207, 2nd Floor, Centre Point Premises CHS, J.B. Nagar, Andheri-Kurla Road, Andheri (East), Mumbai –400059",Batch b approved as proposed. Source: separate Word paragraph.,2026-08-27
organizations,6499,address,"1st Floor, Core-5, SCOPE Complex, Lodhi Road, New Delhi - 110003",1st Floor Core 5 Scope Complex Lodhi Road New Delhi 110003,Batch b approved as proposed. Source: separate Word paragraph.,2026-08-27
organizations,6503,address,,"O/o Superintending Engineer (Backup SLDC), CSPTCL, Khedamara, Bhilai",Batch b approved as proposed. Source: separate Word paragraph.,2026-08-27
organizations,6365,address,,"Unit-3, ACEPL, Rewa Ultra Mega Solar Plant, Gurh Tehsil Madhya Pradesh Rewa 486553",Batch b approved as proposed. Source: separate Word paragraph.,2026-08-27
organizations,6367,address,,"Dayapar (Kutch) Gujarat, Pin code – 370625",Batch b approved as proposed. Source: separate Word paragraph.,2026-08-27
organizations,6374,address,,"PO: Ranoli, Dist: Vadodara, Gujarat- 391350",Batch b approved as proposed. Source: separate Word paragraph.,2026-08-27
organizations,6494,address,"27th KM, Surat Hazira Road, Hazira, Surat, Gujarat - 394270","27th KM, Surat Hazira Road, Gujarat Surat 394270",Batch b approved as proposed. Source: separate Word paragraph.,2026-08-27
organizations,6495,address,"Bhabha Atomic Research Centre, Trombay, Mumbai, Maharashtra - 400085","TRP Nuclear Recycle Board, BARC, Tarapur, Mahatashtra Mumbai 401502",Batch b approved as proposed. Source: separate Word paragraph.,2026-08-27
organizations,6496,address,"Heavy Water Board, Vikram Sarabhai Bhavan, Anushaktinagar, Mumbai - 400094","Department of Atomic Energy, V. S. Bhavan, Anushaktinagar, Mumbai- 400094",Batch b approved as proposed. Source: separate Word paragraph.,2026-08-27
organizations,6498,address,"NHPTL, CSIR Campus, Taramani, Chennai - 600113","POWERGRID Complex, 765/400/220KV Sub-Station Khimlasa Road,Bina, Dist-Sagar-470113 Madhya Pradesh",Batch b approved as proposed. Source: separate Word paragraph.,2026-08-27
organizations,6504,address,,"O/o Superintending Engineer (Backup SLDC), CSPTCL, Khedamara, Bhilai",Batch b approved as proposed. Source: separate Word paragraph.,2026-08-27
organizations,6505,address,,"O/o Superintending Engineer (Backup SLDC), CSPTCL, Khedamara, Bhilai",Batch b approved as proposed. Source: separate Word paragraph.,2026-08-27
organizations,6508,address,,"NCA, Narmada Sadan, Sector -B, Scheme No 74, Vijaynagar, Madhya Pradesh Indore 452010",Batch b approved as proposed. Source: separate Word paragraph.,2026-08-27
organizations,6359,address,"Tarapur Atomic Power Station, P.O. TAPP, Boisar, Palghar, Maharashtra - 401504","NPCIL, PO: TAPP, Boisar (WR), Dist. Palghar, Maharashtra, PIN: 401504.",Batch b approved as proposed. Source: separate Word paragraph.,2026-08-27
organizations,6360,address,"Tarapur Atomic Power Station, P.O. TAPP, Boisar, Palghar, Maharashtra - 401504","NPCIL, PO: TAPP, Boisar (WR), Dist. Palghar, Maharashtra, PIN : 401504.",Batch b approved as proposed. Source: separate Word paragraph.,2026-08-27
organizations,6361,address,"Kakrapar Atomic Power Station, P.O. Anumala, Vyara, Surat, Gujarat - 394651","NPCIL, Post Office: Anumala, Surat , Gujrat, PIN : 394651",Batch b approved as proposed. Source: separate Word paragraph.,2026-08-27
organizations,6362,address,"Kakrapar Atomic Power Station, P.O. Anumala, Vyara, Surat, Gujarat - 394651","NPCIL, Post Office: Anumala, Surat , Gujrat, PIN : 394651",Batch b approved as proposed. Source: separate Word paragraph.,2026-08-27
organizations,6467,address,,"400KV Hazira GIS Control Room, C/o AMNS India Ltd. 27 km Surat Hazira Road, Surat, Gujarat",Batch b approved as proposed. Source: separate Word paragraph.,2026-08-27
organizations,6468,address,,"Asset Management, Mumbai",Batch b approved as proposed. Source: separate Word paragraph.,2026-08-27
organizations,6476,address,,"Head Office, Gurugram",Batch b approved as proposed. Source: separate Word paragraph.,2026-08-27
organizations,6486,address,,"Flat No. 1097, Sector-A, Pocket-A, Vasant Kunj, New Delhi - 110070",Batch b approved as proposed. Source: separate Word paragraph.,2026-08-27
organizations,6507,address,,"550MW Avaada Rampar, Gujarat",Batch b approved as proposed. Source: separate Word paragraph.,2026-08-27
organizations,6353,address,"NTPC Gadarwara Super Thermal Power Project, Narsinghpur, Madhya Pradesh - 487001","NTPC Gadarwara Super Thermal Power Project, Narsinghpur, Madhya Pradesh-487 001.",Batch b approved as proposed. Source: extracted from banner title cell (not a separate paragraph).,2026-08-27
organizations,6354,address,"NTPC Khargone Super Thermal Power Project, Vishnupuri, Khandwa Road, Khargone, Madhya Pradesh - 451001","NTPC Khargone Super Thermal Power Project, Vishnupuri, Khandwa Road, Khargone, Madhya Pradesh-451 001",Batch b approved as proposed. Source: extracted from banner title cell (not a separate paragraph).,2026-08-27
organizations,6349,address,"NTPC Gandhar Gas Power Project, P.O.: NTPC Township, Dist. Bharuch, Gujarat - 392220","NTPC Gandhar Gas Power Project, P.O.: NTPC township, Dist. Bharuch, Gujarat- 392215",Batch b approved as proposed. Source: extracted from banner title cell (not a separate paragraph).,2026-08-27
organizations,6351,address,see batch-b apply row above,"NTPC Mouda STPP, Mouda-Ramtek Road, P.O. Mouda, Dist. Nagpur, Maharashtra - 441104",REVERT: batch-b overwrote an existing address instead of filling a gap -- outside approved scope. Restored to original value pending separate explicit decision on the Word-sourced rewording.,2026-08-27
organizations,6355,address,see batch-b apply row above,"NTPC Korba STPP, P.O. Vikash Bhawan, Jamnipali, Dist. Korba, Chhattisgarh - 495450",REVERT: batch-b overwrote an existing address instead of filling a gap -- outside approved scope. Restored to original value pending separate explicit decision on the Word-sourced rewording.,2026-08-27
organizations,6357,address,see batch-b apply row above,"NTPC Sipat Super Thermal Power Station, Bilaspur, Chhattisgarh - 495555",REVERT: batch-b overwrote an existing address instead of filling a gap -- outside approved scope. Restored to original value pending separate explicit decision on the Word-sourced rewording.,2026-08-27
organizations,6358,address,see batch-b apply row above,"NTPC Vindhyachal STPP, P.O. Vindhyanagar, Waidhan, Dist. Singrauli, Madhya Pradesh - 486885",REVERT: batch-b overwrote an existing address instead of filling a gap -- outside approved scope. Restored to original value pending separate explicit decision on the Word-sourced rewording.,2026-08-27
organizations,6352,address,see batch-b apply row above,"NTPC Solapur STPS, Post Hotgi Station, South Solapur, Maharashtra - 413215",REVERT: batch-b overwrote an existing address instead of filling a gap -- outside approved scope. Restored to original value pending separate explicit decision on the Word-sourced rewording.,2026-08-27
organizations,6499,address,see batch-b apply row above,"1st Floor, Core-5, SCOPE Complex, Lodhi Road, New Delhi - 110003",REVERT: batch-b overwrote an existing address instead of filling a gap -- outside approved scope. Restored to original value pending separate explicit decision on the Word-sourced rewording.,2026-08-27
organizations,6494,address,see batch-b apply row above,"27th KM, Surat Hazira Road, Hazira, Surat, Gujarat - 394270",REVERT: batch-b overwrote an existing address instead of filling a gap -- outside approved scope. Restored to original value pending separate explicit decision on the Word-sourced rewording.,2026-08-27
organizations,6495,address,see batch-b apply row above,"Bhabha Atomic Research Centre, Trombay, Mumbai, Maharashtra - 400085",REVERT: batch-b overwrote an existing address instead of filling a gap -- outside approved scope. Restored to original value pending separate explicit decision on the Word-sourced rewording.,2026-08-27
organizations,6496,address,see batch-b apply row above,"Heavy Water Board, Vikram Sarabhai Bhavan, Anushaktinagar, Mumbai - 400094",REVERT: batch-b overwrote an existing address instead of filling a gap -- outside approved scope. Restored to original value pending separate explicit decision on the Word-sourced rewording.,2026-08-27
organizations,6498,address,see batch-b apply row above,"NHPTL, CSIR Campus, Taramani, Chennai - 600113",REVERT: batch-b overwrote an existing address instead of filling a gap -- outside approved scope. Restored to original value pending separate explicit decision on the Word-sourced rewording.,2026-08-27
organizations,6359,address,see batch-b apply row above,"Tarapur Atomic Power Station, P.O. TAPP, Boisar, Palghar, Maharashtra - 401504",REVERT: batch-b overwrote an existing address instead of filling a gap -- outside approved scope. Restored to original value pending separate explicit decision on the Word-sourced rewording.,2026-08-27
organizations,6360,address,see batch-b apply row above,"Tarapur Atomic Power Station, P.O. TAPP, Boisar, Palghar, Maharashtra - 401504",REVERT: batch-b overwrote an existing address instead of filling a gap -- outside approved scope. Restored to original value pending separate explicit decision on the Word-sourced rewording.,2026-08-27
organizations,6361,address,see batch-b apply row above,"Kakrapar Atomic Power Station, P.O. Anumala, Vyara, Surat, Gujarat - 394651",REVERT: batch-b overwrote an existing address instead of filling a gap -- outside approved scope. Restored to original value pending separate explicit decision on the Word-sourced rewording.,2026-08-27
organizations,6362,address,see batch-b apply row above,"Kakrapar Atomic Power Station, P.O. Anumala, Vyara, Surat, Gujarat - 394651",REVERT: batch-b overwrote an existing address instead of filling a gap -- outside approved scope. Restored to original value pending separate explicit decision on the Word-sourced rewording.,2026-08-27
organizations,6353,address,see batch-b apply row above,"NTPC Gadarwara Super Thermal Power Project, Narsinghpur, Madhya Pradesh - 487001",REVERT: batch-b overwrote an existing address instead of filling a gap -- outside approved scope. Restored to original value pending separate explicit decision on the Word-sourced rewording.,2026-08-27
organizations,6354,address,see batch-b apply row above,"NTPC Khargone Super Thermal Power Project, Vishnupuri, Khandwa Road, Khargone, Madhya Pradesh - 451001",REVERT: batch-b overwrote an existing address instead of filling a gap -- outside approved scope. Restored to original value pending separate explicit decision on the Word-sourced rewording.,2026-08-27
organizations,6349,address,see batch-b apply row above,"NTPC Gandhar Gas Power Project, P.O.: NTPC Township, Dist. Bharuch, Gujarat - 392220",REVERT: batch-b overwrote an existing address instead of filling a gap -- outside approved scope. Restored to original value pending separate explicit decision on the Word-sourced rewording.,2026-08-27
organizations,6358,address,"NTPC Vindhyachal STPP, P.O. Vindhyanagar, Waidhan, Dist. Singrauli, Madhya Pradesh - 486885","NTPC Vindhyachal STPP, P.O. Vindhyanagar - Waidhan Rd, Dist: Waidhan, Madhya Pradesh-486885","Approved individually after review: Waidhan is a town within Singrauli district -- Word version is more specific, not contradictory.",2026-08-27
organizations,6351,address,"NTPC Mouda STPP, Mouda-Ramtek Road, P.O. Mouda, Dist. Nagpur, Maharashtra - 441104","NTPC Mouda STPP, Mouda-Ramtek Road, P.O. Mouda, Distt.-Nagpur, Maharashtra-441104",Approved individually per review of the 13 remaining address-conflict rows.,2026-08-27
organizations,6355,address,"NTPC Korba STPP, P.O. Vikash Bhawan, Jamnipali, Dist. Korba, Chhattisgarh - 495450","NTPC Korba STPP, P.O. Vikash Bhawan, Jamnipali, Distt.-Korba, Chhattisgarh-495450",Approved individually per review of the 13 remaining address-conflict rows.,2026-08-27
organizations,6357,address,"NTPC Sipat Super Thermal Power Station, Bilaspur, Chhattisgarh - 495555","NTPC Sipat STPP, P.O. Ujwal Nagar, Distt. Bilaspur, Chhattisgarh-495555",Approved individually per review of the 13 remaining address-conflict rows.,2026-08-27
organizations,6353,address,"NTPC Gadarwara Super Thermal Power Project, Narsinghpur, Madhya Pradesh - 487001","NTPC Gadarwara Super Thermal Power Project, Narsinghpur, Madhya Pradesh-487 001.",Approved individually per review of the 13 remaining address-conflict rows.,2026-08-27
organizations,6354,address,"NTPC Khargone Super Thermal Power Project, Vishnupuri, Khandwa Road, Khargone, Madhya Pradesh - 451001","NTPC Khargone Super Thermal Power Project, Vishnupuri, Khandwa Road, Khargone, Madhya Pradesh-451 001",Approved individually per review of the 13 remaining address-conflict rows.,2026-08-27
organizations,6361,address,"Kakrapar Atomic Power Station, P.O. Anumala, Vyara, Surat, Gujarat - 394651","NPCIL, Post Office: Anumala, Surat , Gujarat, PIN : 394651",Approved with correction: Word source had a typo (Gujrat) -- fixed to Gujarat before writing.,2026-08-27
organizations,6362,address,"Kakrapar Atomic Power Station, P.O. Anumala, Vyara, Surat, Gujarat - 394651","NPCIL, Post Office: Anumala, Surat , Gujarat, PIN : 394651",Approved with correction: Word source had a typo (Gujrat) -- fixed to Gujarat before writing.,2026-08-27
